J szám,DÁTUM,CÉGNÉV,CÍM,ÜGYFÉL NEVE,MUNKASZÁM,eszköz,Gyáriszám,HIBAJELENSÉG,ELKÉSZÜLÉS ,NYITOTT - 1 LEZÁRT  - 0,MUNKAÓRA,DOLGOZÓ,VÉGZETT MUNKA,FELHASZNÁLT ANYAG,"
JAVÍTÁS HELYE
1-GYÁRTÁS
2-SZÉV
3-EGYÉB",MEGJEGYZÉS,"Javított egység beépítési
helye",Szervízlap száma,Egyéb információk,
J00001,2020/01/28,NCT (TAKSONY),M19063 - SONIMA - SD-32,,M19063,EPU-SIS,100-30-0847,az R1 relé nem húz meg a MOA1 csak egy pillanat erejéig jön meg utána el is megy,,1,,,,,,VISSZA LOGISZTIKA,,,,
J00002,2020/01/28,NCT (TAKSONY),M19064 - SONIMA - SD-32,,M19064,I32S,00E-10-1018,Ledobja a kommunikációt,,1,,,,,,VISSZA LOGISZTIKA,,,,
J00003,2020/01/29,NCT (TAKSONY),M18088 - MWT - HTL-117,,M18088,EXE2-1/50,192501-0270,"PLC-ből vezérelt átkapcsoláskor jeladóhiba, manuális átkapcsoláskor nincs jeladóhiba.",,1,,,,,,VISSZA M18088-RA,,,,
J00004,2020/01/30,NCT (TAKSONY),m17272 - INLONG - B-640,,M17272,MUEXE-VS,0020-41-1934,Kitörött egy lába,,1,,,,,,VISSZA M17272,,,,
J00005,2020/01/31,NCT (TAKSONY),M16276 - SCHUNK CARBON - KLOPP (III.),,M16276,VM132L-54-40-15-06,160825104G,"Csapágyas, jeladó csere",,1,,,,,,VISSZA SZÉV,,,,
J00006,2020/02/05,NCT (TAKSONY),F19001(M18231) - DOROTI - MM-850,,F19001(M18231),AiS100,CC2-10-5023,,,1,,,,,,VISSZA LOGISZTIKA,,,,
J00007,2020/02/06,NCT (TAKSONY),M18295 - SNAP-ON - B-640,,M18295,DSC-10/20 LE,42B-11-5430,"1 óra működés után leáll, és nem kapcsol be többet",,0,"1,00",Zsombor,trafó csere,,,VISSZA LOGISZTIKA,,,,c
J00008,2020/02/07,NCT (TAKSONY),M18007 - ALBERT - VD-510S,,M18007,DS-6/12D,322-10-2020,"nem volt rá szükség, így beküldték. Ellenőrzésre feladva",2020/02/10/,0,"1,00",Dévai,teszt ok,,,VISSZA LOGISZTIKA,,,,d
J00009,2020/02/13,NCT (TAKSONY),M19035 - NCT - JSL-32ABMs,,M19035,IPS02,607-10-0905,betáp nem kapcsol be,2020/02/14/,0,"1,00",Lovász,"biztosíték csere, járatás",237 cikk 3 db,,VISSZA LOGISZTIKA,,,,
J00010,2020/02/13,NCT (TAKSONY),M18307 - SVG - HBM-130,,M18307,DAC-60/120-RT,43F-14-5078,"D-sub csati rossz, WKC hiba",2020/02/21/,0,"4,00",Csabai,"alkatrész csere, tesztelés","1 db IGBT,1 db IGBT panel",,VISSZA LOGISZTIKA,,,,c 
J00011,2020/02/13,NCT (TAKSONY),Taksony,Szegedi Dani,,DPS-40-24-R,571-10-0457,"Szikrázott, Brake Chopper failure világít (egyensúlyozó gépé)",2020/02/14/,0,"2,00",Lovász,"IGBT,és lágyindító csere",1 db 435 ciik. Ellenállás 1 db 3278 cikk. IGBT,,VISSZA TAKSONY,,,,
J00012,2020/03/06,NCT (TAKSONY),M19066 - MWT Technology Szolgáltató Kft. - Gildemeister CT-60,,M19066,O32S,00F-10-0158,hiányoznak belőle a távtartók,,1,,,,,,,,,,
J00013,2020/03/09,NCT (TAKSONY),F20002 - NCT - MM-850,,F20002(M18238),AiB15-54-26-EH/E-LA,F06-10-9271,"leesett a motor, megsérült",,0,,RákosrétiJózsef,javításra Csapónak,,,,,,,
J00014,2020/03/10,NCT (TAKSONY),M18253 - SL-FORG - MSL-200,,M18253,DAC-20/40-LT,43C-13-4967,"ritkán előfordul fordulatszám hiba. Főmotor gerjed, előírt fordulatszámot nem forogja",2019/06/11/,0,"1,00",Dévai,"valami átütött, lebontva",,,,,,,c
J00015,2020/03/16,NCT (TAKSONY),M18192 - Várda HMC-40D,,M18192,Ai15-54-25-EH/M-Z1,D85-10-9179,tengely szorul,,1,,,,,,,,,,
J00016,2020/04/06,NCT (TAKSONY),Taksony,,,DPB-3-40-80,1556,tesztelésre,2020/04/07/,0,"4,00",Csabai,"tisztítás tesztelés, alkatrész csere","92x92-es, 120x120-as ventilátor.",,,,,,
J00017,2020/04/28,NCT (TAKSONY),Taksony,Táti Peti hozta,,"15"" NCT104 monitor",,rossz,,1,,,,,,,,,,
J00018,2020/04/29,NCT (TAKSONY),Taksony,,M19101,iPS2,607-10-0970,orsó fékezésnél az X3-as csatlakozóhoz tartozó Ready LED pirosra váltott (zárlatot jelez),2020/05/27/,0,"1,00",logokában ellenállások cseréje 1%-osra,,,,,,,,
J00019,2020/04/30,NCT (TAKSONY),Taksony,,M19058,DSC-10/20-LE,42B-11-5416,Nem kommunikál az ETHERCAT-ben,2020/05/18/,0,"1,00",Dévai,DC trafó csere,,,,,,,
J00020,2020/04/30,NCT (TAKSONY),Taksony,,M18304,iPS1,606-10-0937,ellenőrzésre/tesztelésre,2020/05/19/,0,"1,00",Dévai,teszt ok,,,,,,,
J00021,2020/04/30,NCT (TAKSONY),Taksony,,M19100,DSC-20/40 LE,42C-11-5401,"ETHERCAT megszakadt, majd nem indult el",2020/05/18/,0,"1,00",Dévai,DC trafó csere,,,,,,,c
J00022,2020/05/01,NCT (TAKSONY),Taksony,Alhegyi Ildi,M20005,A9-54-30-EH/4096-Z2,1115-4496,EH/4096 -> EBI1135 átjeladózás,,1,,,,,,VISSZA TAKSONY,,,,
J00023,2020/05/01,NCT (TAKSONY),Taksony,Alhegyi Ildi,M20005,A9-54-30-EH/4096-Z2,?,EH/4096 -> EBI1135 átjeladózás,,1,,,,,,VISSZA TAKSONY,,,,
J00024,2020/05/01,NCT (TAKSONY),Taksony,Alhegyi Ildi,M20005,AB9-54-30-EH/4096-Z2,?,EH/4096 -> EBI1135 átjeladózás,,1,,,,,,VISSZA TAKSONY,,,,
J00025,2020/05/06,NCT (TAKSONY),M17215 - MÁV-START - STRIGON MZP 8m,,M17215,IPS2,607-10-0923,"főorsó max. fordulat fékezésnél a 2. csatorna zárlatot jelez, ha rá van dugva a DC540V",,1,,,,,,VISSZA LOGISZTIKA,,,,
J00026,2020/05/21,NCT (TAKSONY),Taksony,,M17215,DPB-3-40-160,574-10-3409,"""nincs ready""",2020/05/27/,0,"3,00",Csabai,"tesztelés, hibát nem találtam átadva labornak",,,VISSZA LOGISZTIKA,,,,
J00027,2020/07/16,NCT (TAKSONY),Taksony,,M19101,DSC-20/40-LE,42C-11-5525,"megszakad az EtherCat kommunikáció, és a status led sem világít",2020/07/28/,0,"1,00",Dévai,ecat kártya csere,,,,,,,c
J00028,2020/07/16,NCT (TAKSONY),Taksony,,M20029,PRC-3-40-80-R,57C-11-3706,főkapcsolós újraindítás után EtherCat kapcsolat megszakad (utána lévő eszközökkel is),2020/08/31/,0,"2,00",Csabai,"tesztelés,alkatrész csere",1 db E-CAT kártya,,,,,,
J00029,2020/07/21,NCT (TAKSONY),Taksony,,M20033,DSC-20/40-RE,42C-12-5646,nem kapcsol be,2020/07/28/,0,"1,00",Dévai,trafó csere,,,vissza logisztika,,,,c
J00030,2020/07/21,NCT (TAKSONY),Taksony,,m20044,MK1904,219-30-0254,hibás,,1,,,,,,vissza logisztika,,,,
J00031,2020/07/28,NCT (TAKSONY),Taksony,,M17228,EPU-SIS,100-30-0659,hibás,,1,,,,,,,,,,
J00032,2020/09/11,NCT (TAKSONY),Taksony,???,???,PDC,3599,nincsjelezve,2020/09/14/,0,"1,00",Lovász ,Átizsgálás klímázás,,,,,,,
J00033,2020/09/11,NCT (TAKSONY),Taksony?,,,DIPS-3-40-20-R,3076,nincs jelezve,2020/09/14/,0,"1,00",Lovász ,Átizsgálás klímázás,,,,,,,
J00034,2020/10/12,NCT (TAKSONY),Taksony,,,I32S,00E-10-0822,"valamikor régen szerelte ki Fejes Ati szervizelendő gépből, hátha van felhasználható eleme",2020/10/15/,0,"1,00",Lakatos,"Tesztelés, hibát nem találtam",,,,,,,
J00035,2020/11/06,NCT (TAKSONY),Taksony,,,DS-6/12-D,5209,"tesztelés, SZÉV tartalék",2020/11/16/,0,"1,00",Dévai,igbt tápkondik cseréje,,,Vissza SZÉV,,,,d
J00036,2020/11/06,NCT (TAKSONY),Taksony,,,DS-6/12-D,5246,"tesztelés, SZÉV tartalék",2020/11/16/,0,"1,00",Dévai,igbt tápkondik cseréje,,,Vissza SZÉV,,,,d
J00037,2021/01/10,NCT (TAKSONY),Taksony,üzem,M20085,IPS1,606-10-1049,visszahívva bevizsgálásra,2021/02/15/,0,"0,50",Lovász,Átalakítás 68nf beépítés,,,felkerült gyártásra (02.10) - átvizsgálás után mehet vissza Taksonyba,,,,
J00038,2021/01/22,NCT (TAKSONY),Taksony,üzem,,NCT 2EXE,"201401,022",régi visszaküldve alkatrésznek,2021/02/19/,0,"1,00",Lakatos,Tesztelve O.K.,,,Feladva gyártásra (01.25),,,,
J00039,2021/01/26,NCT (TAKSONY),Taksony,üzem,M20112(M14050),emergency _04.PCB,nincs,"megkapta a 24V ,de nem működik",,1,,,,,,,,,,
J00040,2021/01/26,NCT (TAKSONY),Taksony,üzem,M20069,PDC-3-40-24R,579-11-3787,"jó, nem ez kell",,0,"0,00",,"Nem hibás termék, Késztermék raktárba vissza!",,,bekerült késztermék raktárba,,,,
J00041,2021/01/26,NCT (TAKSONY),Taksony,üzem,M20093,IHDW,20394.0310,"jó, nem ez kell",,0,"0,00",,"Nem hibás termék, Késztermék raktárba vissza!",,,bekerült késztermék raktárba,,,,
J00042,2021/01/26,NCT (TAKSONY),Taksony,üzem,M20077,Ai8 motor,D04-10-9483,"jó,visszamegy a gépre a felújított motor",,0,"0,00",,"Nem hibás termék, Késztermék raktárba vissza!",,,bekerült késztermék raktárba,,,,
J00043,2021/01/26,NCT (TAKSONY),Taksony,üzem,M20077,AB3 motor,B04-10-8739,"jó, visszamegya gépre a felújított motor",,0,"0,00",,"Nem hibás termék, Késztermék raktárba vissza!",,,bekerült késztermék raktárba,,,,
J00044,2021/01/26,NCT (TAKSONY),Taksony,üzem,M20077,Ai8 motor,D04-10-9468,"jó, visszamegy a gépre a felújított motor",,0,"0,00",,"Nem hibás termék, Késztermék raktárba vissza!",,,bekerült késztermék raktárba,,,,
J00045,2021/01/27,NCT (TAKSONY),Taksony,üzem,M20081,IPS2,607-10-1040,"zárlatba megy az 1-es csatorna bekapcsoláskor, ha rajta van az 540V",,1,,,,,,felkerült gyártásra javításra,,,,
J00046,2021/01/28,NCT (TAKSONY),Taksony,üzem,M20086,IPS1,606-10-1034,időnként zárlatba megy,2021/01/28/,0,0.5,Lovász,680K csere,,,felkerült gyártásra javításra,,,,
J00047,2021/01/28,NCT (TAKSONY),Taksony,üzem,M19018,IPS2,607-10-1041,bekapcsoláskor zárlatba megy,2021/01/28/,0,0.5,Lovász,680K csere,,,felkerült gyártásra javításra,,,,
J00048,2021/01/29,NCT (TAKSONY),Taksony,M20098,M20098,AiS100,CC2-10-5048,,,1,,,,,,Vissza Fémó-nak (2021/23),,,,
J00049,2021/01/29,NCT (TAKSONY),Taksony,LABOR,TESZT ESZKÖZ,AiS132,2010-001,"zárlatos, leégett",,1,,,,,,vissza Fémó-nak (BET2021/00373),,,,
J00050,2021/02/01,NCT (TAKSONY),Taksony,üzem,M20027,DAC-80/160-RT,440-14-5580,"Időnként IGBT hiba jelentkezik, a hiba törölhető",,1,,,,,,felkerült gyártásra javításra (02.02)   Bánszki Sanyira vár,,,,
J00051,2021/02/01,NCT (TAKSONY),Taksony,üzem,M20027,DSC-40/80 RE,42D-12-5641,IGBT  hiba engedélyezéskor,,1,,,,,,felkerült gyártásra javításra (02.02)   Bánszki Sanyira vár,,,,
J00052,2021/02/01,NCT (TAKSONY),Taksony,üzem,M20027,DSC-40/80-RE,42D-12-5673,IGBT  hiba engedélyezéskor,,1,,,,,,felkerült gyártásra javításra (02.02)   Bánszki Sanyira vár,,,,
J00053,2021/02/04,NCT (TAKSONY),Taksony,üzem,M20085,IPS1,1033,zárlatos,,0,,Lovász,Ellenállás csere 680K,,,,,,,
J00054,2021/02/05,NCT (TAKSONY),Taksony,üzem,M20077,IPS2,607-10-1029,visszahívva bevizsgálásra,,0,,Lovász,Ellenállás csere 680K,,,felkerült gyártásra (02.05) - átvizsgálás után mehet vissza Taksonyba - még aznap vissza is ment,,,,
J00055,2021/02/05,NCT (TAKSONY),Taksony,üzem,M19105,IPS2,607-10-1030,visszahívva bevizsgálásra,,0,,Lovász,Ellenállás csere 680K,,,felkerült gyártásra (02.05) - átvizsgálás után mehet vissza Taksonyba - még aznap vissza is ment,,,,
J00056,2021/02/05,NCT (TAKSONY),Taksony,üzem,M20082,IPS2,607-10-1042,visszahívva bevizsgálásra,,0,,Lovász,"Átvizsgálás, hiba nincs",,,felkerült gyártásra (02.05) - átvizsgálás után mehet vissza Taksonyba - még aznap vissza is ment,,,,
J00057,2021/02/05,NCT (TAKSONY),Taksony,üzem,M20098,IPS2,607-10-1045,visszahívva bevizsgálásra,,0,,Lovász,"Átvizsgálás, hiba nincs",,,felkerült gyártásra (02.05) - átvizsgálás után mehet vissza Taksonyba - még aznap vissza is ment,,,,
J00058,2021/02/05,NCT (TAKSONY),Taksony,üzem,M15322,IPS2,607-10-1050,visszahívva bevizsgálásra,,0,,Lovász,"Átvizsgálás, hiba nincs",,,felkerült gyártásra (02.05) - átvizsgálás után mehet vissza Taksonyba - még aznap vissza is ment,,,,
J00059,2021/02/05,NCT (TAKSONY),Taksony,üzem,M20069,IPS1,606-10-1018,visszahívva bevizsgálásra,,0,,Lovász,"Átvizsgálás, hiba nincs",,,felkerült gyártásra (02.05) - átvizsgálás után mehet vissza Taksonyba - még aznap vissza is ment,,,,
J00060,2021/02/05,NCT (TAKSONY),Taksony,üzem,M20049,IPS1,606-10-1013,visszahívva bevizsgálásra,,0,,Lovász,"Átvizsgálás, hiba nincs",,,felkerült gyártásra (02.05) - átvizsgálás után mehet vissza Taksonyba - még aznap vissza is ment,,,,
J00061,2021/02/05,NCT (TAKSONY),Taksony,üzem,M19054,IPS1,606-10-0910,visszahívva bevizsgálásra,,0,,Lovász,"Átvizsgálás, hiba nincs",,,felkerült gyártásra (02.05) - átvizsgálás után mehet vissza Taksonyba - még aznap vissza is ment,,,,
J00062,2021/02/05,NCT (TAKSONY),Taksony,üzem,M20104,IPS1,606-10-1052,visszahívva bevizsgálásra,,0,,Lovász,"Átvizsgálás, hiba nincs",,,felkerült gyártásra (02.05) - átvizsgálás után mehet vissza Taksonyba - még aznap vissza is ment,,,,
J00063,2021/02/05,NCT (TAKSONY),Taksony,üzem,M19007,IPS1,606-10-1003,visszahívva bevizsgálásra,,0,,Lovász,"Átvizsgálás, hiba nincs",,,felkerült gyártásra (02.05) - átvizsgálás után mehet vissza Taksonyba - még aznap vissza is ment,,,,
J00064,2021/02/05,NCT (TAKSONY),Taksony,üzem,M20034,IPS1,606-10-0946,visszahívva bevizsgálásra,,0,,Lovász,"Átvizsgálás, hiba nincs",,,felkerült gyártásra (02.05) - átvizsgálás után mehet vissza Taksonyba - még aznap vissza is ment,,,,
J00065,2021/02/05,NCT (TAKSONY),Taksony,üzem,M18234,IPS1,606-10-0962,visszahívva bevizsgálásra,,0,,Lovász,"Átvizsgálás, hiba nincs",,,felkerült gyártásra (02.05) - átvizsgálás után mehet vissza Taksonyba - még aznap vissza is ment,,,,
J00066,2021/02/05,NCT (TAKSONY),Taksony,üzem,M18160,IPS1,606-10-0953,visszahívva bevizsgálásra,,0,,Lovász,"Átvizsgálás, hiba nincs",,,felkerült gyártásra (02.05) - átvizsgálás után mehet vissza Taksonyba - még aznap vissza is ment,,,,
J00067,2021/02/05,NCT (TAKSONY),Taksony,üzem,M20182,IPS1,606-10-1034,visszahívva bevizsgálásra,,0,,Lovász,"Átvizsgálás, hiba nincs",,,felkerült gyártásra (02.05) - átvizsgálás után mehet vissza Taksonyba - még aznap vissza is ment,,,,
J00068,2021/02/05,NCT (TAKSONY),Taksony,üzem,M19113,IPS1,606-10-0933,visszahívva bevizsgálásra,,0,,Lovász,"Átvizsgálás, hiba nincs",,,felkerült gyártásra (02.05) - átvizsgálás után mehet vissza Taksonyba - még aznap vissza is ment,,,,
J00069,2021/02/05,NCT (TAKSONY),Taksony,üzem,M19026,IPS1,606-10-0928,visszahívva bevizsgálásra,,0,,Lovász,"Átvizsgálás, hiba nincs",,,felkerült gyártásra (02.05) - átvizsgálás után mehet vissza Taksonyba - még aznap vissza is ment,,,,
J00070,2021/02/05,NCT (TAKSONY),Taksony,üzem,M19008,IPS1,606-10-1006,visszahívva bevizsgálásra,,0,,Lovász,"Átvizsgálás, hiba nincs",,,felkerült gyártásra (02.05) - átvizsgálás után mehet vissza Taksonyba - még aznap vissza is ment,,,,
J00071,2021/02/05,NCT (TAKSONY),Taksony,üzem,M18187,IPS1,606-10-0975,visszahívva bevizsgálásra,,0,,Lovász,"Átvizsgálás, hiba nincs",,,felkerült gyártásra (02.05) - átvizsgálás után mehet vissza Taksonyba - még aznap vissza is ment,,,,
J00072,2021/02/08,NCT (TAKSONY),Taksony,üzem,M20046,HWM kézikerék,16-1-726,"jó, nem ez kell, hanem IHDW",,0,,,,,,,,,,
J00073,2021/02/09,NCT (TAKSONY),Taksony,üzem,M18198,DAC-20/40-LT,43C-3-4973,hangos vele a főmotor,,1,,,,,,felkerült gyártásra (02.10),,,,
J00074,2021/02/09,NCT (TAKSONY),Taksony,üzem(Lakicstól),M20027,IPS2,607-10-0993,gép bekapcsolásra az első csatorna zárlatvédelme bejelez,,1,,,,,,felkerült gyártásra (02.10),,,,
J00075,2021/02/09,NCT (TAKSONY),Taksony,üzem,M20083,Ai8,D04-10-9510,"jó, csak változik az X motor Ai8-ról-Ai15-re",,0,,,,,,,,,,
J00076,2021/02/10,NCT (TAKSONY),Taksony,üzem,M20046,IPS1,606-10-1007,visszahívva bevizsgálásra,2021/02/15/,0,"0,50",Lovász,Átalakítás 68nf beépítés,,,felkerült gyártásra (02.10) - átvizsgálás után mehet vissza Taksonyba,,,,
J00077,2021/02/10,NCT (TAKSONY),Taksony,üzem,M18324,IPS1,606-10-0790,visszahívva bevizsgálásra,2021/02/15/,0,"0,50",Lovász,Átalakítás 68nf beépítés,,,felkerült gyártásra (02.10) - átvizsgálás után mehet vissza Taksonyba,,,,
J00078,2021/02/10,NCT (TAKSONY),Taksony,üzem,M20093,IPS1,606-10-0947,visszahívva bevizsgálásra,2021/02/15/,0,"0,50",Lovász,Átalakítás 68nf beépítés,,,felkerült gyártásra (02.10) - átvizsgálás után mehet vissza Taksonyba,,,,
J00079,2021/02/10,NCT (TAKSONY),Taksony,üzem,M20094,IPS1,606-10-1016,visszahívva bevizsgálásra,2021/02/15/,0,"0,50",Lovász,Átalakítás 68nf beépítés,,,felkerült gyártásra (02.10) - átvizsgálás után mehet vissza Taksonyba,,,,
J00080,2021/02/10,NCT (TAKSONY),Taksony,üzem,M20048,IPS1,606-10-1002,visszahívva bevizsgálásra,2021/02/15/,0,"0,50",Lovász,Átalakítás 68nf beépítés,,,felkerült gyártásra (02.10) - átvizsgálás után mehet vissza Taksonyba,,,,
J00081,2021/02/10,NCT (TAKSONY),Taksony,üzem,M20086,IPS1,606-10-1009,visszahívva bevizsgálásra,2021/02/15/,0,"0,50",Lovász,Átalakítás 68nf beépítés,,,felkerült gyártásra (02.10) - átvizsgálás után mehet vissza Taksonyba,,,,
J00082,2021/02/10,NCT (TAKSONY),Taksony,üzem,M18263,IPS1,606-10-1000,visszahívva bevizsgálásra,2021/02/15/,0,"0,50",Lovász,Átalakítás 68nf beépítés,,,felkerült gyártásra (02.10) - átvizsgálás után mehet vissza Taksonyba,,,,
J00083,2021/02/10,NCT (TAKSONY),Taksony,üzem,M17264,IPS1,606-10-0909,visszahívva bevizsgálásra,2021/02/15/,0,"0,50",Lovász,Átalakítás 68nf beépítés,,,felkerült gyártásra (02.10) - átvizsgálás után mehet vissza Taksonyba,,,,
J00084,2021/02/10,NCT (TAKSONY),Taksony,üzem,M20127,IPS1,606-10-1023,visszahívva bevizsgálásra,2021/02/15/,0,"0,50",Lovász,Átalakítás 68nf beépítés,,,felkerült gyártásra (02.10) - átvizsgálás után mehet vissza Taksonyba,,,,
J00085,2021/02/10,NCT (TAKSONY),Taksony,üzem,M18230,IPS1,606-10-0873,visszahívva bevizsgálásra,2021/02/15/,0,"0,50",Lovász,Átalakítás 68nf beépítés,,,felkerült gyártásra (02.10) - átvizsgálás után mehet vissza Taksonyba,,,,
J00086,2021/02/10,NCT (TAKSONY),Taksony,üzem,M14270,IPS1,606-10-0437,visszahívva bevizsgálásra,2021/02/15/,0,"0,50",Lovász,Átalakítás 68nf beépítés,,,felkerült gyártásra (02.10) - átvizsgálás után mehet vissza Taksonyba,,,,
J00087,2021/02/10,NCT (TAKSONY),Taksony,üzem,M19006,IPS1,606-10-1015,visszahívva bevizsgálásra,2021/02/15/,0,"0,50",Lovász,Átalakítás 68nf beépítés,,,felkerült gyártásra (02.10) - átvizsgálás után mehet vissza Taksonyba,,,,
J00088,2021/02/10,NCT (TAKSONY),Taksony,üzem,M20076,IPS1,606-10-1051,visszahívva bevizsgálásra,2021/02/15/,0,"0,50",Lovász,Átalakítás 68nf beépítés,,,felkerült gyártásra (02.10) - átvizsgálás után mehet vissza Taksonyba,,,,
J00089,2021/02/10,NCT (TAKSONY),Taksony,üzem,M18192,IPS2,607-10-0935,visszahívva bevizsgálásra,2021/02/15/,0,"0,50",Lovász,Átalakítás 68nf beépítés,,,felkerült gyártásra (02.10) - átvizsgálás után mehet vissza Taksonyba,,,,
J00090,2021/02/10,NCT (TAKSONY),Taksony,üzem,M19044,IPS2,607-10-0961,visszahívva bevizsgálásra,2021/02/15/,0,"0,50",Lovász,Átalakítás 68nf beépítés,,,felkerült gyártásra (02.10) - átvizsgálás után mehet vissza Taksonyba,,,,
J00091,2021/02/10,NCT (TAKSONY),Taksony,üzem,M18248,IPS2,607-10-0963,visszahívva bevizsgálásra,2021/02/15/,0,"0,50",Lovász,Átalakítás 68nf beépítés,,,felkerült gyártásra (02.10) - átvizsgálás után mehet vissza Taksonyba,,,,
J00092,2021/02/10,NCT (TAKSONY),Taksony,üzem,M20084,IPS2,607-10-1043,visszahívva bevizsgálásra,2021/02/15/,0,"0,50",Lovász,Átalakítás 68nf beépítés,,,felkerült gyártásra (02.10) - átvizsgálás után mehet vissza Taksonyba,,,,
J00093,2021/02/10,NCT (TAKSONY),Taksony,üzem,M19073,IPS2,607-10-0979,visszahívva bevizsgálásra,2021/02/15/,0,"0,50",Lovász,Átalakítás 68nf beépítés,,,felkerült gyártásra (02.10) - átvizsgálás után mehet vissza Taksonyba,,,,
J00094,2021/02/10,NCT (TAKSONY),Taksony,üzem,M18246,IPS2,607-10-0988,visszahívva bevizsgálásra,2021/02/15/,0,"0,50",Lovász,Átalakítás 68nf beépítés,,,felkerült gyártásra (02.10) - átvizsgálás után mehet vissza Taksonyba,,,,
J00095,2021/02/10,NCT (TAKSONY),Taksony,üzem,M18088,IPS2,607-10-0837,visszahívva bevizsgálásra,2021/02/15/,0,"0,50",Lovász,Átalakítás 68nf beépítés,,,felkerült gyártásra (02.10) - átvizsgálás után mehet vissza Taksonyba,,,,
J00096,2021/02/10,NCT (TAKSONY),Taksony,üzem,M16300,IPS2,607-10-1027,visszahívva bevizsgálásra,2021/02/15/,0,"0,50",Lovász,Átalakítás 68nf beépítés,,,felkerült gyártásra (02.10) - átvizsgálás után mehet vissza Taksonyba,,,,
J00097,2021/02/10,NCT (TAKSONY),Taksony,üzem,M20009,IPS2,607-10-0923,visszahívva bevizsgálásra,2021/02/15/,0,"0,50",Lovász,Átalakítás 68nf beépítés,,,felkerült gyártásra (02.10) - átvizsgálás után mehet vissza Taksonyba,,,,
J00098,2021/02/10,NCT (TAKSONY),Taksony,üzem,M20081,IPS2,607-10-1026,visszahívva bevizsgálásra,2021/02/15/,0,"0,50",Lovász,Átalakítás 68nf beépítés,,,felkerült gyártásra (02.10) - átvizsgálás után mehet vissza Taksonyba,,,,
J00099,2021/02/10,NCT (TAKSONY),Taksony,üzem,M19023,IPS2,607-10-1028,visszahívva bevizsgálásra,2021/02/15/,0,"0,50",Lovász,Átalakítás 68nf beépítés,,,felkerült gyártásra (02.10) - átvizsgálás után mehet vissza Taksonyba,,,,
J00100,2021/02/10,NCT (TAKSONY),Taksony,üzem,M20006,IPS2,607-10-0999,visszahívva bevizsgálásra,2021/02/15/,0,"0,50",Lovász,Átalakítás 68nf beépítés,,,felkerült gyártásra (02.10) - átvizsgálás után mehet vissza Taksonyba,,,,
J00101,2021/02/10,NCT (TAKSONY),Taksony,üzem,M19016,IPS2,607-10-1031,visszahívva bevizsgálásra,2021/02/15/,0,"0,50",Lovász,Átalakítás 68nf beépítés,,,felkerült gyártásra (02.10) - átvizsgálás után mehet vissza Taksonyba,,,,
J00102,2021/02/10,NCT (TAKSONY),Taksony,üzem,M20097,IPS2,607-10-1044,visszahívva bevizsgálásra,2021/02/15/,0,"0,50",Lovász,Átalakítás 68nf beépítés,,,felkerült gyártásra (02.10) - átvizsgálás után mehet vissza Taksonyba,,,,
J00103,2021/02/10,NCT (TAKSONY),Taksony,üzem,M20097,AiB15,F06-10-9096,"jó, nem ez kell, hanem AiB28",,0,,,,,,,,,,
J00104,2021/02/10,NCT (TAKSONY),Taksony,üzem (Lakics),M20027,DSC-40/80RE,42D-12-5888,"jó, tartalék volt",,0,,,,,,,,,,
J00105,2021/02/10,NCT (TAKSONY),Taksony,üzem,M18198,IPS1,606-10-0853,visszahívva bevizsgálásra,,0,"0,50",Lovász,Átalakítás 68nf beépítés,,,,,,,
J00106,2021/02/12,NCT (TAKSONY),Taksony,üzem,M20141,Ai8,D04-10-9468,tévesen jött ki,,0,,,,,,,,,,
J00107,2021/02/12,NCT (TAKSONY),Taksony,üzem,M20141,Ai8,D04-10-9534,tévesen jött ki,,0,,,,,,,,,,
J00108,2021/02/15,NCT (TAKSONY),Taksony,üzem,M20093,DSC10/20LE,42B-11-5444,szalagkábel kimenete rossz,,0,,,Csatlakozó csere,,,Vissza SZÉV,,,,
J00109,2021/02/16,NCT (TAKSONY),Taksony,üzem,M20085,DSC10/20LE,42B-11-5824,"gyűjti a frame/phys hibákat ,vagy a szalagkábel vagy a hajtás rossz",,1,,,,,,,,,,
J00110,2021/02/17,NCT (TAKSONY),Taksony,üzem,M20086,MK19 / gépi kezelőpanel,219-30-0294,az egyik gombnak rossz a membránja.Gomb jelölve.,,1,,,,,,,,,,
J00111,2021/02/22,NCT (TAKSONY),Taksony,üzem,M19006,DSC-10/20LE,42B-11-5415,hosszabb kikapcsolás után a gép bekapcsolásakor INIT állapotban marad a hajtás,2021/05/03/,0,"1,00",Dévai,? Nem jel.,,,,,,,
J00112,2021/02/22,NCT (TAKSONY),Taksony,üzem,M20072,MU-EXE kártya,0020-41-1943,bevizsgálni,2021/02/22/,0,"1,00",Lakatos,"Tesztelés, hiba nem jelentkezett",,,,,,,
J00113,2021/02/23,NCT (TAKSONY),Taksony,üzem,M20081,DAC 60/120-LT,43F-13-5899,"jó, nem ez kell bele",,0,,,,,,,,,,
J00114,2021/02/23,NCT (TAKSONY),Taksony,üzem,M15013,IPS2,607-10-0877,átnézni,,1,,,,,,,,,,
J00115,2021/02/23,NCT (TAKSONY),Taksony,üzem,M14299,IPS2,607-10-0840,átnézni,,1,,,,,,,,,,
J00116,2021/02/23,NCT (TAKSONY),Taksony,üzem,M18168,IPS2,607-10-0925,átnézni,,1,,,,,,,,,,
J00117,2021/02/23,NCT (TAKSONY),Taksony,üzem,M18093,IPS1,606-10-0760,átnézni,,1,,,,,,,,,,
J00118,2021/02/23,NCT (TAKSONY),Taksony,üzem,M20029,IPS2,607-10-0924,átnézni,,1,,,,,,,,,,
J00119,2021/02/24,NCT (TAKSONY),Taksony,üzem,M20084,DSC-10/20LE,42B-11-5795,"jó, csak változik 20/40-LE-re",,0,,,,,,,,,,
J00120,2021/02/25,NCT (TAKSONY),Taksony,üzem,M20098,AiB28,F0E-10-9383,sérült a csati és a motor egyik sarka,,1,,,,,,"Fémó-nak kiküldve javításra, Taksony a cserét megkapta!",,,,
J00121,2021/02/25,NCT (TAKSONY),Taksony,üzem,M20085,HWM kézikerék,16-1-746,"jó , cserélve lett IHDW-re",,0,,,,,,,,,,
J00122,2021/02/25,NCT (TAKSONY),Taksony,üzem,M20086,HWM kézikerék,16-1-747,"jó, cserélve lett IHDW-re",,0,,,,,,,,,,
J00123,2021/02/25,NCT (TAKSONY),Taksony,üzem,M20083,Ai28,D07-10-9442,"Jó, ide nem kell",,0,,,,,,,,,,
J00124,2021/02/26,NCT (TAKSONY),Taksony,üzem,M18248,DSC-20/40-RE,42C-12-5593,"WKC hiba, Z hajtás túláram hiba",2021/05/05/,0,"1,00",Dévai,hiba nem jel. Teszt,,,,,,,
J00125,2021/02/26,NCT (TAKSONY),Taksony,üzem,M20098,DSC-10/20-LE,42B-11-5957,"jó, cserélve lett 20/40LE-re",,0,,,,,,,,,,
J00126,2021/03/02,NCT (TAKSONY),Taksony,üzem,M20077,DAC-20/40-LT,43C-13-5601,"kiadja az alapjelet, engedélyezést és nem töténik semmit",2021/03/09/,0,"1,00",Dévai,"hiba nem jel, teszt ok, laborba adva( igbt engedélyt elfelejtették?)",,,javítva bekerült a késztermék raktárba,,,,
J00127,2021/03/05,NCT (TAKSONY),Taksony,üzem,M20118,DAC-10/20RT,43B-14-5273,"jó, nem kell",,0,,,,,,,,,,
J00128,2021/03/05,NCT (TAKSONY),Taksony,üzem,M20098,ECAT-ENDAT kártya,13-2-394,"jó,2x kaptuk meg",,0,,,,,,,,,,
J00129,2021/03/05,NCT (TAKSONY),Taksony,üzem,M20098,ECAT-ENDAT kártya,13-2-390,"jó,2x kaptuk meg",,0,,,,,,,,,,
J00130,2021/03/05,NCT (TAKSONY),Taksony,üzem,M20098,EPU-R,4-2-255,"jó,2x kaptuk meg",,0,,,,,,,,,,
J00131,2021/03/11,NCT (TAKSONY),Taksony,üzem,M20097,DSC-10/20-LE,42B-11-5911,"jó, nem kellett",,0,,,,,,,,,,
J00132,2021/03/11,NCT (TAKSONY),Taksony,üzem,M18248,DANI kártya,010-00-0050,"jó, nem kellett",,0,,,,,,,,,,
J00133,2021/03/12,NCT (TAKSONY),Taksony,üzem,M14233,AiB8,F83-10-7161,"jó, nem kellett",,0,,,,,,megy fel gyártásra ellenőrzésre,,,,
J00134,2021/03/12,NCT (TAKSONY),Taksony,üzem,M20127,"AiB2,5",F81-10-9580,"jó, nem kellett",,0,,,,,,,,,,
J00135,2021/03/12,NCT (TAKSONY),Taksony,üzem,M20083,Ai8,D04-10-9462,"jó, nem kellett",,0,,,,,,,,,,
J00136,2021/03/12,NCT (TAKSONY),Taksony,üzem,M20098,Ai8,D04-10-9529,"jó, nem kellett",,0,,,,,,,,,,
J00137,2021/03/12,NCT (TAKSONY),Taksony,üzem,M20127,Ai8,D84-10-9574,"jó, nem kellett",,0,,,,,,,,,,
J00138,2021/03/12,NCT (TAKSONY),Taksony,üzem,M20130,"AiB2,5",F81-10-9250,"jó, nem ez kell",,0,,,,,,,,,,
J00139,2021/03/12,NCT (TAKSONY),Taksony,üzem,M15327,AiB8,F04-10-8632,"jó, nem kellett",,0,,,,,,megy fel gyártásra ellenőrzésre,,,,
J00140,2021/03/12,NCT (TAKSONY),Taksony,üzem,M19023,DAC-10/20RT,43B-14-5085,"jó, nem kellett",,0,,,,,,,,,,
J00141,2021/03/16,NCT (TAKSONY),Taksony,üzem,M20096,DAC-20/40LT,43C-13-6025,letört a szalagkábel csati füle,2021/03/29/,0,"1,00",Dévai,szalagkábel csati ház csere,,,Megy fel gyártásra javításra (03.17),,,,
J00142,2021/03/16,NCT (TAKSONY),Taksony,üzem,M19044,IPS2,607-10-1030,Zárlat?,,1,,,,,,Megy fel gyártásra javításra (03.17),,,,
J00143,2021/03/18,NCT (TAKSONY),Taksony,üzem,M19023,DSC-20/40RE,42C-12-5741,Boot loader betöltésihiba ,2021/05/05/,0,"1,00",Dévai,szofver újratöltés,,,Megy fel gyártásra javításra (03.18),,,,
J00144,2021/03/18,NCT (TAKSONY),Taksony,üzem,M19023,"Ai2,5-Z3",DA1-10-9325,jeladóhiba,,1,,,,,,,,,,
J00145,2021/03/19,NCT (TAKSONY),Taksony,üzem,M15023,DAC-10/20-LT,43B-13-5529,nem kapcsol be,2021/03/22/,0,"1,00",K.István,Trafó csere,,,Megy fel gyártásra javításra (03.22),,,,
J00146,2021/03/19,NCT (TAKSONY),Taksony,üzem,M20076(M15023),DAC-10/20-LT,43B-13-5561,indítás után kb.5mp után megáll,2021/03/22/,0,"1,00",K.István,Trafó csere,,,Megy fel gyártásra javításra (03.22),,,,
J00147,2021/03/23,NCT (TAKSONY),Taksony,üzem,M18263,DSC-10/20-LE,42B-11-5701,WKC HIBA megszakad az ethercat lánc,2021/04/28/,0,"1,00",Dévai,Trafó hiba,,,Megy fel gyártásra javításra (03.23),,,,
J00148,2021/03/24,NCT (TAKSONY),Taksony,üzem,M18259,AiB15,F05-10-9482,kézzel lehet forgatni a tengelyt és lötyög,,1,,,,,,Megy fel gyártásra javításra (03.25),,,,
J00149,2021/03/26,NCT (TAKSONY),Taksony,üzem,M20084,AiB15,F06-10-9273,"Jó, nagyobbra cserélve",,0,,,,,,,,,,
J00150,2021/03/26,NCT (TAKSONY),Taksony,üzem,M20084,Ai8,D04-10-9463,"Jó, nagyobbra cserélve",,0,,,,,,,,,,
J00151,2021/03/30,NCT (TAKSONY),Taksony,üzem,M18261,AiB15,F05-10-9364,kézzel lehet forgatni a tengelyt és lötyög,,1,,,,MEC0382V2 DC24V vent,,,,,,
J00152,2021/03/30,NCT (TAKSONY),Taksony,üzem,M19054,Ai8,D04-10-9447,"jó, felesleges az új munkalap szerint",,0,,,,,,,,,,
J00153,2021/03/30,NCT (TAKSONY),Taksony,üzem,M19054,DSC-10/20-LE,42B-11-5827,"jó, felesleges az új munkalap szerint",,0,,,,,,,,,,
J00154,2021/03/30,NCT (TAKSONY),Taksony,üzem,M19054,DSC-10/20-LE,42B-11-5828,"jó, felesleges az új munkalap szerint",,0,,,,,,,,,,
J00155,2021/03/30,NCT (TAKSONY),Taksony,üzem,M19054,"19"" vezérlő",,"jó, 15"" kell az új munkalap szerint",,0,,,,,,,,,,
J00156,2021/03/30,NCT (TAKSONY),Taksony,üzem,M19016,IP200 kártya,0054-20-1024,"50x nem működik, csak 1x",2021/04/01/,0,"1,00",Petró,"IP200 és Xilinx IC újraforrasztás, teszt és ellenőrzés",,,megy fel gyártásra (04.01),,,,
J00157,2021/03/31,NCT (TAKSONY),Taksony,üzem,M20096,EPU-SIS,100-30-1069,error led világít (egy napja még működött),,1,,,,,,,,,,
J00158,2021/04/07,NCT (TAKSONY),Taksony,üzem,M20096,DAC 20/40-LT,43C-13-5350,átnézni,2021/04/13/,0,"1,00",Dévai,trafó csere,,,,,,,
J00159,2021/04/07,NCT (TAKSONY),Taksony,üzem,M18187,DSC 10/20-LE,42B-11-5541,átnézni,2021/04/13/,0,"1,00",Dévai,trafó csere,,,,,,,
J00160,2021/04/07,NCT (TAKSONY),Taksony,üzem,M18187,DSC 10/20-LE,42B-11-5446,átnézni,2021/04/13/,0,"1,00",Dévai,trafó csere,,,,,,,
J00161,2021/04/07,NCT (TAKSONY),Taksony,üzem,M18187,DSC 10/20-LE,42B-11-5524,átnézni,2021/04/13/,0,"1,00",Dévai,trafó csere,,,,,,,
J00162,2021/04/07,NCT (TAKSONY),Taksony,üzem,M19183,DSC 10/20-RE,42B-12-5410,átnézni,2021/04/13/,0,"1,00",Dévai,trafó csere,,,,,,,
J00163,2021/04/07,NCT (TAKSONY),Taksony,üzem,M18187,DAC 20/40-LT,43C-13-5469,átnézni,2021/04/13/,0,"1,00",Dévai,trafó csere,,,,,,,
J00164,2021/04/07,NCT (TAKSONY),Taksony,üzem,M18160,DSC 20/40-RE,42C-12-5403,átnézni,2021/04/13/,0,"1,00",Dévai,trafó csere,,,,,,,
J00165,2021/04/07,NCT (TAKSONY),Taksony,üzem,M18160,DSC 20/40-RE,42C-12-5398,átnézni,2021/04/13/,0,"1,00",Dévai,trafó csere,,,,,,,
J00166,2021/04/07,NCT (TAKSONY),Taksony,üzem,M20005,DSC 10/20-LE,42B-11-5233,átnézni,2021/04/13/,0,"1,00",Dévai,trafó csere,,,,,,,
J00167,2021/04/07,NCT (TAKSONY),Taksony,üzem,M20005,DSC 10/20-LE,42B-11-5377,átnézni,2021/04/13/,0,"1,00",Dévai,trafó csere,,,,,,,
J00168,2021/04/07,NCT (TAKSONY),Taksony,üzem,M18289,DSC 10/20-LE,42B-11-5429,átnézni,2021/04/13/,0,"1,00",Dévai,trafó csere,,,,,,,
J00169,2021/04/07,NCT (TAKSONY),Taksony,üzem,M18289,DSC 10/20-LE,42B-11-5431,átnézni,2021/04/13/,0,"1,00",Dévai,trafó csere,,,,,,,
J00170,2021/04/07,NCT (TAKSONY),Taksony,üzem,M15023,DAC 10/20-LT,43B-13-5566,átnézni,2021/04/13/,0,"1,00",Dévai,trafó csere,,,,,,,
J00171,2021/04/07,NCT (TAKSONY),Taksony,üzem,M20077,DAC 10/20-LT,43B-13-5547,átnézni,2021/04/13/,0,"1,00",Dévai,trafó csere,,,,,,,
J00172,2021/04/08,NCT (TAKSONY),Taksony,üzem,M18230,DSC 10/20-LE,42B-11-5303,"átnézni, nem kell vissza, 20/40-LE-re cserélve",2021/04/13/,0,"1,00",Dévai,trafó csere,,,,,,,
J00173,2021/04/08,NCT (TAKSONY),Taksony,üzem,M20130,DAC-20/40-LT,43C-13-5350,"átnézni, nem kell vissza, freki váltó kell helyette",2021/04/13/,0,"1,00",Dévai,trafó csere,,,,,,,
J00174,2021/04/09,NCT (TAKSONY),Taksony,üzem,M20034,DSC 10/20-LE,42B-11-5466,átnézni,2021/04/13/,0,"1,00",Dévai,trafó csere,,,,,,,
J00175,2021/04/09,NCT (TAKSONY),Taksony,üzem,M20034,DAC 20/40-LT,43C-13-5521,átnézni,2021/04/13/,0,"1,00",Dévai,trafó csere,,,,,,,
J00176,2021/04/09,NCT (TAKSONY),Taksony,üzem,M20034,DSC 10/20-LE,42B-11-5442,átnézni,2021/04/13/,0,"1,00",Dévai,trafó csere,,,,,,,
J00177,2021/04/09,NCT (TAKSONY),Taksony,üzem,M19165,DSC 10/20-RE,42B-12-5386,átnézni,2021/04/13/,0,"1,00",Dévai,trafó csere,,,,,,,
J00178,2021/04/09,NCT (TAKSONY),Taksony,üzem,M19165,DSC 10/20-RE,42B-12-5380,átnézni,2021/04/13/,0,"1,00",Dévai,trafó csere,,,,,,,
J00179,2021/04/09,NCT (TAKSONY),Taksony,üzem,M19165,DSC 10/20-RE,42B-12-5381,átnézni,2021/04/13/,0,"1,00",Dévai,trafó csere,,,,,,,
J00180,2021/04/09,NCT (TAKSONY),Taksony,üzem,M19166,DSC 10/20-LE,42B-11-5234,átnézni,2021/04/13/,0,"1,00",Dévai,trafó csere,,,,,,,
J00181,2021/04/09,NCT (TAKSONY),Taksony,üzem,M19166,DSC 10/20-LE,42B-11-5238,átnézni,2021/04/13/,0,"1,00",Dévai,trafó csere,,,,,,,
J00182,2021/04/09,NCT (TAKSONY),Taksony,üzem,M19166,DSC 10/20-LE,42B-11-5237,átnézni,2021/04/13/,0,"1,00",Dévai,trafó csere,,,,,,,
J00183,2021/04/09,NCT (TAKSONY),Taksony,üzem,M19166,DSC 10/20-LE,42B-11-5235,átnézni,2021/04/13/,0,"1,00",Dévai,trafó csere,,,,,,,
J00184,2021/04/09,NCT (TAKSONY),Taksony,üzem,M19166,DAC 40/80-LT,43E-13-5331,átnézni,2021/04/19/,0,"3,00",Csabai,trafó csere,,,,,,,
J00185,2021/04/09,NCT (TAKSONY),Taksony,üzem,M15322,DSC 10/20-LE,42B-11-5408,átnézni,2021/04/13/,0,"1,00",Dévai,trafó csere,,,,,,,
J00186,2021/04/09,NCT (TAKSONY),Taksony,üzem,M15322,DSC 10/20-LE,42B-11-5414,átnézni,2021/04/13/,0,"1,00",Dévai,trafó csere,,,,,,,
J00187,2021/04/09,NCT (TAKSONY),Taksony,üzem,M19073,DSC 10/20-LE,42B-11-5305,átnézni,2021/04/13/,0,"1,00",Dévai,trafó csere,,,,,,,
J00188,2021/04/09,NCT (TAKSONY),Taksony,üzem,M19113,DSC 40/80-LE,42B-11-5318,átnézni,2021/04/16/,0,"3,00",Csabai,trafó csere,2 db trafó,,,,,,
J00189,2021/04/09,NCT (TAKSONY),Taksony,üzem,M20076,DAC 10/20-LT,43B-13-5523,átnézni,2021/04/13/,0,"1,00",Dévai,trafó csere,,,,,,,
J00190,2021/04/12,NCT (TAKSONY),Taksony,üzem,M19168,I32S KÁRTYA,00E-10-1078,15-ös bemenettől 31-ig több 100ms késleltetéssel kapcsolnak az inputok,,1,,,,,,,,,,
J00191,2021/04/14,NCT (TAKSONY),Taksony,üzem,M18192,DSC 10/20-RE,42B-12-5357,átnézni,2021/04/13/,0,"1,00",Dévai,trafó csere,,,,,,,
J00192,2021/04/14,NCT (TAKSONY),Taksony,üzem,M18192,DSC 20/40-RE,42C-12-5399,átnézni,2021/04/13/,0,"1,00",Dévai,trafó csere,,,,,,,
J00193,2021/04/14,NCT (TAKSONY),Taksony,üzem,M18192,DSC 20/40-RE,42C-12-5575,átnézni,2021/04/13/,0,"1,00",Dévai,trafó csere,,,,,,,
J00194,2021/04/14,NCT (TAKSONY),Taksony,üzem,M18192,DSC 20/40-RE,42C-12-5576,átnézni,2021/04/13/,0,"1,00",Dévai,trafó csere,,,,,,,
J00195,2021/04/14,NCT (TAKSONY),Taksony,üzem,M18192,DAC 40/80-RT,43C-14-5421,átnézni,2021/04/20/,0,"3,00",Csabai,trafó csere,,,,,,,
J00196,2021/04/14,NCT (TAKSONY),Taksony,üzem,M19007,Ai15 hűtött,D86-10-9323,"rezeg, nincs kiegyensúlyozva",,1,,,,,,,,,,
J00197,2021/04/19,NCT (TAKSONY),Taksony,üzem,M20095,AiB8,F04-10-9566,"jó, nem kellett",,1,,,,,,,,,,
J00198,2021/04/19,NCT (TAKSONY),Taksony,üzem,M18259,AiB15,F05-10-9399,"remeg a motor, valószínüleg csapágyas",,1,,,,,,,,,,
J00199,2021/04/19,NCT (TAKSONY),Taksony,üzem,M18260,IPS2,607-10-1058,"jó, IPS1 kell",,1,,,,,,,,,,
J00200,2021/04/19,NCT (TAKSONY),Taksony,üzem,M18246,DSC 20/40-RE,42C-12-5720,jeladóhiba,2021/04/20/,0,"1,00",Dévai,Hiba nem jelentkezett (nem ez volt a hibás),,,,,,,
J00201,2021/04/19,NCT (TAKSONY),Taksony,üzem,M18246,DSC 20/40-RE,42C-12-5636,jeladóhiba,2021/04/20/,0,"1,00",Dévai,Hiba nem jelentkezett (nem ez volt a hibás),,,,,,,
J00202,2021/04/20,NCT (TAKSONY),Taksony,üzem,M19168,DSC 10/20-RE,42B-12-5516,átnézni,2021/04/22/,0,"1,00",Dévai,Trafó csere,,,,,,,
J00203,2021/04/20,NCT (TAKSONY),Taksony,üzem,M19168,DAC 10/20-RT,43B-14-5567,átnézni,2021/04/22/,0,"1,00",Dévai,Trafó csere,,,,,,,
J00204,2021/04/20,NCT (TAKSONY),Taksony,üzem,M19168,DSC 10/20-RE,42B-12-5300,átnézni,2021/04/22/,0,"1,00",Dévai,Trafó csere,,,,,,,
J00205,2021/04/20,NCT (TAKSONY),Taksony,üzem,M19168,DSC 10/20-RE,42B-12-5538,átnézni,2021/04/22/,0,"1,00",Dévai,Trafó csere,,,,,,,
J00206,2021/04/20,NCT (TAKSONY),Taksony,üzem,M19168,DSC 10/20-RE,42B-12-5268,átnézni,2021/04/22/,0,"1,00",Dévai,Trafó csere,,,,,,,
J00207,2021/04/28,NCT (TAKSONY),Taksony,üzem,M15023,DAC-10/20-LT,43B-13-5534,"átnézni , helyette megkapta M13285 43B-13-5561",2021/04/30/,0,"1,00",Dévai,Trafó csere,,,,,,,
J00208,2021/04/28,NCT (TAKSONY),Taksony,üzem,M18230,DAC 20/40-LT,43C-13-5310,"átnézni , helyette megkapta M20005 43C-13-5988",2021/04/30/,0,"1,00",Dévai,trafó csere,,,,,,,
J00209,2021/04/28,NCT (TAKSONY),Taksony,üzem,M18230,DSC 10/20-LE,42B-11-5250,"átnézni, helyette megkapta M19054 42B-11-5668",2021/04/30/,0,"1,00",Dévai,trafó csere,,,,,,,
J00210,2021/04/28,NCT (TAKSONY),Taksony,üzem,M18230,DSC 10/20-LE,42B-11-5252,"átnézni, helyette megkapta M20005 42B-11-6068",2021/04/30/,0,"1,00",Dévai,trafó csere,,,,,,,
J00211,2021/04/28,NCT (TAKSONY),Taksony,üzem,M20117,IPS1,606-10-1062,"jó, IPS2 kell",,1,,,,,,,,,,
J00212,2021/04/28,NCT (TAKSONY),Taksony,üzem,M14233,EPU,004-10-1035,"jó, nem kell",,1,,,,,,,,,,
J00213,2021/04/28,NCT (TAKSONY),Taksony,üzem,M19044,2EXE501,192501-0303,"nincsenek benne kártyák, a ház használható",,1,,,,,,,,,,
J00214,2021/04/29,NCT (TAKSONY),Taksony,üzem,M16300,DSC 20/40-RE,42C-12-5738,"Jó, nagyobbra cserélve",,0,,,,,,,,,,
J00215,2021/05/03,NCT (TAKSONY),Taksony,üzem,M20130,MK1904,219-30-0310,"IHDW-vel nem müködik, helyette megkapta az M19008-ból",,0,"1,00",Schmiedmeiszter László,"Hibát nem találtam. MHW és IHDW cserénél be kell állítani, hogy milyen felbontású a kézikerék!!",,,,,,,
J00216,2021/05/05,NCT (TAKSONY),Taksony,üzem,M18230,DAC-20/40-LT,43-C-13-5988,orsó fel-le futás hiba helyette 43C-13-5882 megkapta M20077-től,2021/06/01/,0,"1,00",Dévai,"hiba nem jelentkezett, laborteszt ok",,,,,,,
J00217,2021/05/10,NCT (TAKSONY),Taksony,üzem,M20137,DPU1904,21394-0331,"USB hiba, megkapta az M20140-ből",2021/05/20/,0,"1,00",Schmidmeiszter László,USB kábel javítás,,,,,,,
J00218,2021/05/10,NCT (TAKSONY),Taksony,üzem,M20099,EPU-SIS,100-30-1042,ethercat ismeretlen eszközként ismeri fel (Kobolák Pisti),,1,,,,,,,,,,
J00219,2021/05/10,NCT (TAKSONY),Taksony,üzem,M20130,TTLAC2,032-30-0612,"21V került az analóg kimenetre, utána az ECAT láncban zárlatott okozott",,0,"1,00",Schmidmeiszter László,"5V zárlat keresés, bemérés",IH0515S tápkocka ,,,,,,
J00220,2021/05/10,NCT (TAKSONY),Taksony,üzem,M20130,TTLAC2,032-30-0632,"21V került az analóg kimenetre, utána az ECAT láncban zárlatott okozott",,0,"1,00",Schmidmeiszter László,"5V zárlat keresés, bemérés",IH0515S tápkocka ,,,,,,
J00221,2021/05/14,NCT (TAKSONY),Taksony,üzem,M20029,DSC-10/20 LE,42B-11-5283,ellenőrzésre ,2021/06/01/,0,"1,00",Dévai,trafó csere,,,,,,,
J00222,2021/05/14,NCT (TAKSONY),Taksony,üzem,M20029,DSC-10/20 LE,42B-11-5496,ellenőrzésre,2021/05/28/,0,"1,00",Dévai,trafó csere,,,,,,,
J00223,2021/05/17,NCT (TAKSONY),Taksony,üzem,M20183,PRC-3-40-80-R,57C-11-3777,"P hibajelzés jött, kivizsgálásra beküldve, helyette megkapta az M20160-ból",2021/05/18/,0,"1,00",Csabai,"hibát nemtaláltam, átadva labornak",,,,,,,
J00224,2021/05/18,NCT (TAKSONY),Taksony,üzem,M17226,Ai28,D07-10-7952,"jó, Taiwani tartalék motor volt",,1,,,,,,,,,,
J00225,2021/05/18,NCT (TAKSONY),Taksony,üzem,M18234,AiB15,F06-10-9270,"jó, nem kellett",,1,,,,,,,,,,
J00226,2021/05/18,NCT (TAKSONY),Taksony,üzem,M18230,AiB15,F06-10-9134,"jó, nem kellett",,1,,,,,,,,,,
J00227,2021/05/18,NCT (TAKSONY),Taksony,üzem,M18230,DSC 10/20-LE,42B-11-5303,"jó, nem kellett",,0,,,,,,,,,,
J00228,2021/05/18,NCT (TAKSONY),Taksony,üzem,M19037,Ai28,D07-10-9261,"jó, nem kellett",,1,,,,,,,,,,
J00229,2021/05/18,NCT (TAKSONY),Taksony,üzem,M18230,Ai08,D04-10-9067,"jó, nem kellett",,1,,,,,,,,,,
J00230,2021/05/19,NCT (TAKSONY),Taksony,üzem,M19073,DAC 40/80-LT,43E-13-5317,"átnézni,helyette megkapta M18289-ből 43E-13-5711",2021/06/08/,0,"3,00",Csabai,trafó csere,,,,,,,
J00231,2021/05/19,NCT (TAKSONY),Taksony,üzem,M19073,DAC 20/40-LT,43C-13-5256,"átnézni,helyette megkapta M20034-ből 43C-13-5521",,1,,,,,,,,,,
J00232,2021/05/19,NCT (TAKSONY),Taksony,üzem,M19073,DSC 10/20-LE,42B-11-5306,"átnézni, helyette megkapta M18187-ből 42B-11-5541",2021/05/28/,0,"1,00",Dévai,trafó csere,,,,,,,
J00233,2021/05/19,NCT (TAKSONY),Taksony,üzem,M19073,DSC 10/20-LE,42B-11-5304,"átnézni, helyette megkapta 42B-11-5305",2021/05/28/,0,"1,00",Dévai,trafó csere,,,,,,,
J00234,2021/05/19,NCT (TAKSONY),Taksony,üzem,M19073,DSC-10/20-LE,42B-11-5284,"átnézni, helyette megkapta M18187-ből 42B-11-5446",2021/05/28/,0,"1,00",Dévai,trafó csere,,,,,,,
J00235,2021/05/19,NCT (TAKSONY),Taksony,üzem,M18248,DSC 20/40-RE,42C-12-5207,"átnézni, helyette megkapta M18246-ból 42C-12-6112",2021/05/28/,0,"1,00",Dévai,trafó csere,,,,,,,
J00236,2021/05/19,NCT (TAKSONY),Taksony,üzem,M18248,DSC 20/40-RE,42C-12-5402,"átnézni, helyette megkapta M20120-ból 42C-12-5738",2021/05/28/,0,"1,00",Dévai,trafó csere,,,,,,,
J00237,2021/05/19,NCT (TAKSONY),Taksony,üzem,M20118,DSC 10/20-RE,42B-12-5582,"átnézni,",2021/05/28/,0,"1,00",Dévai,trafó csere,,,,,,,
J00238,2021/05/19,NCT (TAKSONY),Taksony,üzem,M18324,DSC 10/20-RE,42B-12-5536,átnézni,2021/05/28/,0,"1,00",Dévai,trafó csere,,,,,,,
J00239,2021/05/19,NCT (TAKSONY),Taksony,üzem,M18324,DSC 10/20-RE,42B-12-5537,átnézni,2021/05/28/,0,"1,00",Dévai,trafó csere,,,,,,,
J00240,2021/05/19,NCT (TAKSONY),Taksony,üzem,M13350,DSC 10/20-RE,42B-12-5243,átnézni,,1,,,,,,,,,,
J00241,2021/05/19,NCT (TAKSONY),Taksony,üzem,M14299,DAC 60/120-RT,42F-14-5213,átnézni,2021/07/01/,0,"3,00",Csabai,trafó csere,,,,,,,
J00242,2021/05/19,NCT (TAKSONY),Taksony,üzem,M19006,DAC 20/40-LT,43C-13-5334,"átnézni, helyette megkapta M20005-ből 43C-13-5310",2021/05/28/,0,"1,00",Dévai,trafó csere,,,,,,,
J00243,2021/05/19,NCT (TAKSONY),Taksony,üzem,M18246,DSC 40/80-RE,42D-12-5478,"átnézni, helyette megkapta M20170-ből 42D-12-6089",,1,,,,,,,,,,
J00244,2021/05/20,NCT (TAKSONY),Taksony,üzem,M17264,DSC 10/20-LE,42B-11-5277,átnézni,2021/05/28/,0,"1,00",Dévai,trafó csere,,,vissza Taksony,,,,
J00245,2021/05/20,NCT (TAKSONY),Taksony,üzem,M20089,DSC 10/20-LE,42B-11-5981,"jó, cserélve 20/40-re",,0,,,,,,késztermék raktárba,,,,
J00246,2021/05/21,NCT (TAKSONY),Taksony,üzem,M19132,DSC 10/20-RE,42B-12-5570,"átnézni, helyette megkapta M20170-ből 42B-12-6059",2021/05/31/,0,"1,00",Dévai,trafó csere,,,,,,,
J00247,2021/05/21,NCT (TAKSONY),Taksony,üzem,M19032,DSC 10/20-RE,42B-12-5571,"átnézni, helyette megkapta M20170-ből 42B-12-6060",2021/05/31/,0,"1,00",Dévai,trafó csere,,,,,,,
J00248,2021/05/21,NCT (TAKSONY),Taksony,üzem,M19032,DSC 10/20-RE,42B-12-5515,"átnézni, helyette megkapta M20170-ből 42B-12-6039",2021/05/31/,0,"1,00",Dévai,trafó csere,,,,,,,
J00249,2021/05/21,NCT (TAKSONY),Taksony,üzem,M19032,DSC 10/20-RE,42B-12-5533,"átnézni, helyette megkapta M20170-ből 42B-12-6037",2021/05/31/,0,"1,00",Dévai,trafó csere,,,,,,,
J00250,2021/05/21,NCT (TAKSONY),Taksony,üzem,M19032,DSC 10/20-RE,42B-12-5539,"átnézni, helyette megkapta M20170-ből 42B-12-6040",2021/05/31/,0,"1,00",Dévai,trafó csere,,,,,,,
J00251,2021/05/21,NCT (TAKSONY),Taksony,üzem,M19032,DSC 10/20-RE,42B-12-5540,"átnézni, helyette megkapta M21057-ből 42B-12-6072",2021/05/31/,0,"1,00",Dévai,trafó csere,,,,,,,
J00252,2021/05/21,NCT (TAKSONY),Taksony,üzem,bemutató fal,DSC 10/20-LE,453-11-3185,"inicializálási hiba,ECAT kommunkációs hiba helyette megkapta M20139-ből 42B-11-5763",,1,,,"régi verzós, nem adható ki",,,,,,,
J00253,2021/05/27,NCT (TAKSONY),Taksony,üzem,M20100,EPU-SIS,100-30-0659,"NV RAM eszköz nem üzemkész, helyette elvették az ""élesztésre"" feliratút 100-30-539 ",,1,,,,,,,,,,
J00254,2021/05/31,NCT (TAKSONY),Taksony,üzem,M20099,IHDW,40-00000025-01,"rövidre zárja a kártyát, vhol el van forrasztva",,1,,,,,,,,,,
J00255,2021/06/01,NCT (TAKSONY),Taksony,üzem,M20156,AiS 100,CC2-10-5101,"Egyensúlyozás után felszerelték a motort, de elment a rezgése.",,1,,,,,,,,,,
J00256,2021/06/08,NCT (TAKSONY),Taksony,üzem,M19073,EPU-SIS,100-30-0877,XML hiba újraindítás után,,1,,,,,,,,,,
J00257,2021/06/09,NCT (TAKSONY),Taksony,üzem,M20099,Ai15,D05-10-9640,"jeladó hiba, helyette megkapta M20120-tól D05-10-9747",,1,,,,,,,,,,
J00258,2021/06/21,NCT (TAKSONY),Taksony,üzem,M20138,DAC-20/40-LT,43C-13-6044,D-subnál megszakadt a menet ,2021/07/13/,0,"1,00",Dévai,dsub anya csere,,,,,,,
J00259,2021/06/23,NCT (TAKSONY),Taksony,üzem,M20121,"19"" monitor",21394-0340,usb csatlakozás nem jó,,1,,,,,,,,,,
J00260,2021/06/28,NCT (TAKSONY),Taksony,üzem,M20160,"19"" billentyűzet",219-30-0347,Cancel gomb hibás,,1,,,,,,,,,,
J00261,2021/06/29,NCT (TAKSONY),Taksony,üzem,M19008,DSC-10/20-LE,42B-11-5833,nem indul el,2021/07/14/,0,"1,00",Dévai,hiba nem jel.,,,,,,,
J00262,2021/07/08,NCT (TAKSONY),Taksony,üzem,M20152,SENS kártya,008-10-0012,ethercat kommunikációs hiba,,1,,,,,,,,,,
J00263,2021/07/14,NCT (TAKSONY),Taksony,üzem,M19073,3xUSB,,legfelső nem működik,,1,,,,,,,,,,
J00264,2021/07/16,NCT (TAKSONY),Taksony,üzem,M18246,PRC-3-40-80-R,57C-11-3729,"hibajelzés a 7 szegmenses kijelzőn,üzemkézség jel is megszűnik",,0,"2,00",Csabai,szűrő kondenzátorok cseréje,,,,,,,
J00265,2021/07/16,NCT (TAKSONY),Taksony,üzem,M15023,DAC-10/20-LT,43B-13-5566,"bevizsgálni,nincs rajta hibajelenség",2021/08/30/,0,"1,00",Dévai,hiba nem jel,,,ez 04.08-án már 1x bejött átvizsgálásra szériahiba miatt!,,,,
J00266,2021/07/19,NCT (TAKSONY),Taksony,üzem,M19073,DAC-40/80-LT,43E-13-5711,időnként CPU reset INIT állapotba kerül,,0,"1,00",Csabsi,DCU csere,,,,,,,
J00267,2021/07/19,NCT (TAKSONY),Taksony,üzem,M20144,Ai15,D05-10-9640,eldobja a pozíciót,,1,,,,,,leérkezett logisztikára 08.26 -> vissza Gerihez felirattal (?),,,,
J00268,2021/07/20,NCT (TAKSONY),Taksony,üzem,M20077,DSC 10/20-LE,42B-11-5885,emailben megy a hibaleírás Szegedi Petitől,2021/08/30/,0,"1,00",Dévai,"rev8 és 414-es védet parammal átírták 331-re, szoftver csere",,,,,,,
J00269,2021/07/21,NCT (TAKSONY),Taksony,üzem,M19168,DSC 10/20-RE,42B-12-5538,"reggeli indításkor gyakran ""w""hajtás túlfeszültség hibával indul",2021/08/26/,0,"1,00",Dévai,hiba nem jel.,leérkezett logisztikára 08.26,,,,,,
J00270,2021/07/22,NCT (TAKSONY),Taksony,üzem,M20117,AiB8,F04-10-9691,ref. pontot elveszti,,1,,,,,,,,,,
J00271,2021/07/22,NCT (TAKSONY),Taksony,üzem,M20117,DSC 10/20-RE,42B-12-6046,ref. pontot elveszti,2021/08/26/,0,"1,00",Dévai,hiba nem jel.,,,leérkezett logisztikára 08.26,,,,
J00272,2021/07/23,NCT (TAKSONY),Taksony,üzem,M20171,IHDW,,"zöld, sárga vezeték fordítva forrasztva",,1,,,,,,,,,,
J00273,2021/07/23,NCT (TAKSONY),Taksony,üzem,M21010,AiB28,F0E-10-9779,remeg forgatás közben,,1,,,,,,,,,,
J00274,2021/07/26,NCT (TAKSONY),Taksony,üzem,M21061,40-00010687-00 DPU1504,19354-0138,5 mp után leáll a vezérlő,,1,,,,,,,,,,
J00275,2021/07/29,NCT (TAKSONY),Taksony,üzem,M19007,DSC 10/20-LE,42B-11-5800,nem jön át a 24V,2021/08/30/,0,"1,00",Dévai,hiba nem jel,,,,,,,
J00276,2021/07/30,NCT (TAKSONY),Taksony,üzem,M21057,EPU-SIS,100-30-1069,gyakran megszakad az ECAT kapcsolat az eszközzel,,1,,,,,,,,,,
J00277,2021/07/30,NCT (TAKSONY),Taksony,üzem,élesztéshez,EPU-SIS,100-30-1157,"ha a kimeneti ECAT portra van az eszköz kapcsolva, nincs ECAT kommunikáció",,1,,,,,,,,,,
J00278,2021/07/30,NCT (TAKSONY),Taksony,üzem,M19007,Ai2.5 Z3,DA1-10-9411,jeladóhiba,,1,,,,,,,,,,
J00279,2021/08/23,NCT (TAKSONY),Taksony,üzem,M21130,DSC 10/20-RE,42B-12-6263,üzemkézség hiba,2021/08/30/,0,"1,00",Dévai,hiba nem jel,,,,,,,
J00280,2021/08/23,NCT (TAKSONY),Taksony,üzem,M19105,PRC-3-40-80-R,57C-11-3764,tápegység hiba,,0,"2,00",Csabai,"hibát nem találtam, átadva labornak",,,,,,,
J00281,2021/08/23,NCT (TAKSONY),Taksony,üzem,M20141,DAC 10/20-LT,43B-13-6139,fülecske letört,2021/08/30/,0,"1,00",Dévai,fül csere,,,,,,,
J00282,2021/08/31,NCT (TAKSONY),Taksony,üzem,M20139,AiB8,F04-10-9764,>1h kikapcsolt állapot után elveszti a referenciát (V.Zsombor),,1,,,,,,,,,,
J00283,2021/09/06,NCT (TAKSONY),Taksony,üzem,,DA-48/72 D,7233,ellenőrzésre,,0,"1,00",Kovács I.,"FW frissítés, ventik cseréje. Hibát nem tap.","Ventik:1x120x120, 1x 92x92",,Vissza SZÉV,,,,
J00284,2021/09/06,NCT (TAKSONY),Taksony,üzem,,DPB-3-40-80,2419,ellenőrzésre,,0,"1,00",Kovács I.,"Venti csere, átvizsgálás, hibát nem tap.",Venti: 1x 92x92,,Vissza SZÉV,,,,
J00285,2021/09/06,NCT (TAKSONY),Taksony,üzem,,DS-18/36 EE,E0540,ellenőrzésre,09/14/2021,0,"1,00",Kovács I.,"SW frissítés, hibát nem tap.DCU kondizás. labornak átadva.",,,Vissza SZÉV,,,,
J00286,2021/09/06,NCT (TAKSONY),Taksony,üzem,,DS-12/24 EE,E0514,ellenőrzésre,09/14/2021,0,"1,00",Kovács I.,"SW frissítés, hibát nem tap.DCU kondizás. labornak átadva.",,,Vissza SZÉV,,,,
J00287,2021/09/06,NCT (TAKSONY),Taksony,üzem,,UPS,0113,ellenőrzésre,09/14/2021,0,"1,00",Kovács I.,Akku + akku kábel csere,Akku PS7-12,,Vissza SZÉV,,,,
J00288,2021/09/06,NCT (TAKSONY),Taksony,üzem,,DI-8/12 D,7270,ellenőrzésre,,0,"1,00",Kovács I.,"Átv., teszt. Hibát nem tap.",,,Vissza SZÉV,,,,
J00289,2021/09/06,NCT (TAKSONY),Taksony,üzem,,iPS,1606,ellenőrzésre,,0,,Kovács I.,"ellenőrzés, hiba nincs",,,Vissza SZÉV,,,,
J00290,2021/09/09,NCT (TAKSONY),Taksony,üzem,M21042,DSC 20/40-LE,42C-11-6306,szalagkábel fülecske letört,2021/09/20/,0,"1,00",Dévai,LVDS ház csere,,,,,,,
J00291,2021/09/15,NCT (TAKSONY),Taksony,üzem,M21130,üzem,57C-11-3777,főtáp hiba,,1,,,,,,,,,,
J00292,2021/09/15,NCT (TAKSONY),Taksony,üzem,M20171,DSC 20/40-RE,42C-12-6137,"néha induláskor jeladóhibát jelez, újraindításra eltűnik",,1,,,,,,,,,,
J00293,2021/09/21,NCT (TAKSONY),Taksony,üzem,M21023,EPU-SIS,100-30-1151,NV RAM hiba elvették az M21024-től,,,,,,,,,,,,
J00294,2021/09/23,NCT (TAKSONY),Taksony,üzem,M13205,Ai70 Z1,D8A-10-7119,tengely nem forog ,,1,,,,,,,,,,
J00295,2021/09/27,NCT (TAKSONY),Taksony,üzem,M18324,SGMGH-44ACA6E AC servo motor/EBI1135 jeladó,BB0067294000004,ellenőrzés,,0,"0,50",Rákosréti József,ellenőrzés OK,,,Vissza SZÉV,,,,
J00296,2021/09/29,NCT (TAKSONY),Taksony,üzem,M20119,AiB8,F04-10-9793,ref. elvesztése,,1,,,,,,,,,,
J00297,2021/10/04,NCT (TAKSONY),Taksony,üzem,M20006,DAC-40/80-LT,43E-13-5712,"alapjel van, motor nem megy",,1,,,,,,,,,,
J00298,2021/10/11,NCT (TAKSONY),Taksony,üzem,M21140,DPU1904,21394-0374,"nem Boot-ol , nem látja az SSD-t",,1,,,,,,,,,,
J00299,2021/10/20,NCT (TAKSONY),Taksony,üzem,M20153,I16S kártya,005-10-0394,gyűjti a PHYS hibákat,,0,"1,00",Petró F,nem tap. ET1200 átforr. rázató teszt oké,,,,,,,
J00300,2021/10/20,NCT (TAKSONY),Taksony,üzem,M21062,DSC 10/20-LE,42B-11-5415,bekapcsoláskor inicializáció hiba,,1,,,,,,,,,,
J00301,2021/10/21,NCT (TAKSONY),Taksony,üzem,M20141,DAC-20/40 LT,43C-13-5988,"járatás során a motor megáll. annak ellenére,hogy az engedélyezés, ill az alapjel kint volt. Nem állandó hiba,egyszer jó egyszer nem (Szegedi P.)",,1,,,,,,,,,,
J00302,2021/11/16,NCT (TAKSONY),Taksony,üzem,M20011,EPU-SIS,100-30-1126,"NV RAM , beültetés hiba (Bene Alex)",,0,"0,50",Schmiedmeiszter László,"Hibát nem találtam, további teszt",,,,,,,
J00303,2021/11/18,NCT (TAKSONY),Taksony,üzem,M21049,EPU-SIS,100-30-1157,"NV RAM , beültetés hiba (Szegedi Peti)",,0,"1,00",Schmiedmeiszter László,ET1100 csere,,,,,,,
J00304,2021/11/18,NCT (TAKSONY),Taksony,üzem,M20010,IHDW,,Vészkör hiba (Bene Alex),,0,"2,00",Schmiedmeiszter László,"iHDW belső nyák és csatlakozó elégett, másik kártya , csati beépítése",,,,,,,
J00305,2021/11/18,NCT (TAKSONY),Taksony,üzem,M20011,IPS2,607-10-1124,Főkapcsolós bekapcsolásnál rövidzár (Bene Alex),,1,,,,,,,,,,
J00306,2021/11/18,NCT (TAKSONY),Taksony,üzem,M21068,DSC-20/40 LE,42C-11-6372,Túláram hiba(üzemkészség hiba) Szabados Gy.,,0,"1,00",Dévai,"laborteszt, hiba nem jel.",,,,,,,
J00307,2021/11/18,NCT (TAKSONY),Taksony,üzem,M20010,DSC-20/40-LE,42C-11-6239,"x3,x4 szalagkábel sérült, elveszti a kommunikációt (Bene Alex)",2021/11/22/,0,"1,00",Dévai,csatlakozónak semmi baja. teszt ok.,,,,,,,
J00308,2021/11/19,NCT (TAKSONY),Taksony,üzem,M20005,DSC-10/20-LE,42B-11-5377,bal alsó csavar megszakadt,,0,"1,00",Dévai,fedél csere,,,,,,,
J00309,2021/11/22,NCT (TAKSONY),Taksony,üzem,M20005,DAC-20/40 LT,43C-13-5310,szalagkábel fülecske eltört,,0,"1,00",Dévai,fül csere,,,,,,,
J00310,2021/11/26,NCT (TAKSONY),Taksony,üzem,,Indramat MOD14/1X019-094,912401,ellenőrzésre,,1,,,,,,Vissza SZÉV,,,,
J00311,2021/11/26,NCT (TAKSONY),Taksony,üzem,,Indramat KDV 22-100-220/300-22,234691-00944,ellenőrzésre,,1,,,,,,Vissza SZÉV,,,,
J00312,2021/11/30,NCT (TAKSONY),Taksony,üzem,M21075,EPU-SIS,100-30-1151,NV RAM hiba (Szabados Gy.),,1,,,,,,,,,,
J00313,2021/12/06,NCT (TAKSONY),Taksony,üzem,M21061,TTLCAN,012-30-0413,S1 ethercat hiba ,,1,,,,,,,,,,
J00314,2021/12/06,NCT (TAKSONY),Taksony,üzem,M21061,2EXE501,192501-0340,"a kártyák egyikénél, vagy mindkettőnél hibás az átkapcsolás (Szegedi Peti)",,0,"0,50",Petró Ferenc,"Tesztelés ellenőrzés, Hibátlan",,,,,,,
J00315,2021/12/07,NCT (TAKSONY),Taksony,üzem,M20005,MK1904,219-30-0414,"2 gomb nem működik, meg vannak jelölve (Gyéresi)",,1,,,,,,,,,,
J00316,2021/12/13,NCT (TAKSONY),Taksony,üzem,M21077,O8RC,034-10-2072,6-os relé rossz,,1,,,,,,Vissza ÜF,,,,
J00317,2022/01/24,NCT (TAKSONY),Taksony,üzem,M20120,EPU-SIS,100-30-0878,"Ethercat leállást okoz,elveszett keretek / PHYS/FRAME hibák(Szegedi P)",,1,,,,,,,,,,
J00318,2022/01/28,NCT (TAKSONY),Taksony,üzem,M21237,NCT115 monitor,10 115 074,ellenőrzés,,0,"1,00",Kovács I.,"Átv., hibát nem tap.",,,Vissza SZÉV,,,,
J00319,2022/01/28,NCT (TAKSONY),Taksony,üzem,M21237,NCT115 kezelőpanel,1533-10-1076,ellenőrzés,,0,"1,00",Turpi,"Átvizsgálás, tisztítás.",,,Vissza SZÉV,,,,
J00320,2022/02/01,NCT (TAKSONY),Taksony,üzem,M21063,DSC 20/40-LE,42C-11-6239,ethercat hiba,2022/02/04/,0,"1,00",Dévai,"lvds CSERE, nem vizsgáltuk.",,,,,,,
J00321,2022/02/03,NCT (TAKSONY),Taksony,üzem,M21054,DSC-20/40-RE,42C-12-6419,nem működik,2022/02/07/,0,"1,00",Dévai,forgács volt beleesve,,,,,,,
J00322,2022/02/08,NCT (TAKSONY),Taksony,üzem,M21054,Ai28,D07-10-9754,Ref vesztés (SzabadosGy.),,1,,,,,,,,,,
J00323,2022/02/10,NCT (TAKSONY),Taksony,üzem,M21042,DSC-20/40-LE,42C-11-6314,feszültség hatására nem adja ki az engedélyező jelet,,0,"1,00",Dévai,"DCU  lebontva, többi felhasználva",,,,,,,
J00324,2022/02/10,NCT (TAKSONY),Taksony,üzem,M21150,EPU-SIS,100-30-1219,ethercat nem kommunikál,,1,,,,,,,,,,
J00325,2022/02/14,NCT (TAKSONY),Taksony,üzem,M20120,"19""vezérlő klaviatúra",219-30-0332,bal oldali gombok közül a második sor első nem működik(Szegedi Peti),,1,,,,,,,,,,
J00326,2022/02/15,NCT (TAKSONY),Taksony,üzem,M21092,DSC-40/80 LE,42D-11-5630,reggeli bekapcsoláskor túláram hiba(Reskó G.),,1,,,,,,,,,,
J00327,2022/02/15,NCT (TAKSONY),Taksony,üzem,Tajmac,DSC-20/40-LE,42C-11-6306,Bootolásnál lefagyott,,0,"1,00",Dévai,újraprogramozás,,,,,,,
J00328,2022/02/18,NCT (TAKSONY),Taksony,üzem,M21054,AiS 100,CC2-10-5119,"Forgóátvezető menete üt, nem lehet kiállítani",,1,,,,,,,,,,
J00329,2022/02/23,NCT (TAKSONY),Taksony,üzem,M20119,DAC 60/120-RE,43F-12-6105,orsó üzemkézség hiba,,1,,,,,,,,,,
J00330,2022/03/04,NCT (TAKSONY),Taksony,üzem,M21074,Ai28,D07-10-9900,jeladó hiba(Szabados Gyuri),,1,,,,,,,,,,
J00331,2022/03/24,NCT (TAKSONY),Taksony,üzem,M21153,MK1904,219-30-0443,gyorsmenet gomb villog,,1,,,,,,,,,,
J00332,2022/04/01,NCT (TAKSONY),Taksony,üzem,M21187,IPS2,607-10-1202,X3-ra nem ad feszültséget,,1,,,,,,,,,,
J00333,2022/04/01,NCT (TAKSONY),Taksony,üzem,M21001,DSC-10/20-LE,42B-11-6183,VKC HIBA 10-20perc működés után,,1,,,,,,,,,,
J00334,2022/04/07,NCT (TAKSONY),Taksony,üzem,M21209,EPU-SIS,100-30-1258,NV RAM hiba,,0,"1,00",Petro Ferenc,,,,,,,,
J00335,2022/04/07,NCT (TAKSONY),Taksony,üzem,M21187,MK1904 (klaviatúra),219-30-0450,"sérült , leesett",,0,"1,00",Schmiedmeiszter László,"Klaviatúrán INOX tisztítóval az olaj eltávolítása, törött kulcsos kapcsoló cseréje",1db kulcsos kapcsoló,,,,,,
J00336,2022/04/20,NCT (TAKSONY),Taksony,üzem,M21198,IHDW kábel,nincs,"OFF állás nem működik, kábelhiba(Bene Alex)",,0,"0,50",Schmiedmeiszter László,hibát nem tapasztaltam,,,,,,,
J00337,2022/04/26,NCT (TAKSONY),Taksony,üzem,M21197,DSC-10/20-LE,42B-11-6639,jeladó hiba(Szabados Gy.),2022/05/16/,0,"1,00",Dévai,jeladócsatlakozót cseélni kell,,,,,,,
J00338,2022/04/27,NCT (TAKSONY),Taksony,üzem,M21129,A3Z2,994-10-9192,jeladó hiba(Szabados Gy.),,1,,,,,,,,,,
J00339,2022/04/27,NCT (TAKSONY),Taksony,üzem,M20177,A3Z2,994-10-9743,jeladó hiba(Szabados Gy.),,1,,,,,,,,,,
J00340,2022/05/02,NCT (TAKSONY),Taksony,Póka Gery,,DSC-10/20 LE,42B-11-6367,letört az LVDS csati (kiállításos),,0,"1,00",Kovács I.,LVDS csatik cseréje.,2x LVDS aljzat.,,Vissza ÜF,,,,
J00341,2022/05/09,NCT (TAKSONY),Taksony,üzem,M15013,DS-18/36-EE,424-10-2730,jeladóhiba,,1,,,,,,,,,,
J00342,2022/05/10,NCT (TAKSONY),Taksony,üzem,M21167,DSC-10/20-LE,42B-11-6629,szalagkábel fület letörték,2022/06/10/,0,"1,00",Dévai,csatl. Ház csere,,,,,,,
J00343,2022/05/27,NCT (TAKSONY),Taksony,üzem,M21071,DSC-20/40 LE,42C-11-6479,jeladó hiba (Szabados Gy.),2022/09/27/,0,"1,00",Dévai,"hiba nem jel, ujraprog",,,,,,,
J00344,2022/06/03,NCT (TAKSONY),Taksony,üzem,M21167,DSC-20/40 LE,42C-11-6641,jeladó nem működik,2022/09/22/,0,"1,00",Dévai,"fals ECat rev.number: : 20A, 08 helyett",,,,,,,
J00345,2022/06/03,NCT (TAKSONY),Taksony,üzem,M20048,"15"" vezérlő",,a technológiai kikapcsolás relé nem működik(Fábián I.),,1,,,,,,,,,,
J00346,2022/06/15,NCT (TAKSONY),Taksony,üzem,M21070,Ai28,D07-10-9899,jeladóhiba(Szabados Gy.),,1,,,,,,,,,,
J00347,2022/06/16,NCT (TAKSONY),Taksony,???,???,O32C,00F-37-0068,???,,0,"1,00",Schmiedmeiszter László,OK,,,???,,,,
J00348,2022/06/16,NCT (TAKSONY),Taksony,???,???,I32C,00E-37-0114,???,,0,"1,00",Schmiedmeiszter László,OK,,,???,,,,
J00349,2022/06/20,NCT (TAKSONY),Taksony,üzem,M21133,PRC-3-40-80-R,57C-11-3657,6000 fordulaton működő főorsó és tengelyek járatása középen(hullámmarás) tápegység hibát jelez,,1,,,,,,,,,,
J00350,2022/06/20,NCT (TAKSONY),Taksony,üzem,M13205,KB2ECAT kártya,3-3-492,rossz a kézikerék fogadó,,0,"1,00",Schmiedmeiszter László,IC csere,74LVC14 IC,,,,,,
J00351,2022/06/21,NCT (TAKSONY),Taksony,üzem,M21072,DSC-20/40-LE,42C-11-6540,nagy az áramfelvétele,,0,"1,00",Dévai,"hibás epromadat, (rev A20, 08 helyett)",,,,,,,
J00352,2022/07/15,NCT (TAKSONY),Taksony,üzem,M20166,IPS2,607-10-1202,X3 kimenet nem működik,2022/07/21/,0,"1,00",Lovász,IRF740 FET 2 db,,,,,,,
J00353,2022/07/15,NCT (TAKSONY),Taksony,üzem,M20166,Ai50 (W motor),meg fel van szerelve,jeladó hiba,,,,,,,,,,,,
J00354,2022/07/22,NCT (TAKSONY),Taksony,üzem,M20166,Ai50,D08-10-8968,jeladóhiba,,,,,,"2db 40x40 venti, 2200/35V, 470/25V",,,,,,
J00355,2022/07/25,NCT (TAKSONY),Taksony,üzem,M21194,IPS2,607-10-1211,lóg a hátfala,,,,,,,,,,,,
J00356,2022/08/01,NCT (TAKSONY),Taksony,üzem,M21047,ENDAT kártya,013-20-0447,B csatorna nem jó ,,0,"1,00",Petró F,"hiba tap, IC8 2láb forr hiba, újraforr után teszt oké",,,,,,,
J00357,2022/08/04,NCT (TAKSONY),Taksony,üzem,M21133,DSC-20/40-RE,42C-12-5574,"bekapcsolásra X hajtásnál túlfeszültség hiba, X hajtás nem üzemkész",2022/09/27/,0,"1,00",Dévai,"hiba nem jel, újraprogr, labor",,,,,,,
J00358,2022/08/10,NCT (TAKSONY),Taksony,üzem,M22116,MK1504,215-30-0189,kulcsos kapcsoló hiba (Szabados Gy.),,,,,,,,,,,,
J00359,2022/08/15,NCT (TAKSONY),Taksony,üzem,,MK1504,215-30-0189,hibás,,1,,,,,,???,,,,
J00360,2022/08/29,NCT (TAKSONY),Taksony,üzem,M20166,IPS2,607-10-1236,elpukkant ,2022/09/05/,0,"2,00",Lovász,F panel csere,,,,,,,
J00361,2022/08/31,NCT (TAKSONY),Taksony,üzem,M21173,PDC-3-40-24R,579-11-3951,fékezésnél hiba,,0,"2,00",Lovász,"dióda cseer, alaplemez csere (beszakadt csavar)",,,,,,,
J00362,2022/08/31,NCT (TAKSONY),Taksony,üzem,M21173,O8RC kártya,034-10-2145,24V tápadás után ethercat hiba,,0,"2,00",Petró F.,"mechanikai behatásra, időszakosan zárlatos a 25MHz kvarc, teszt rázás oké",1db 25MHz kvarc,,,,,,
J00363,2022/09/05,NCT (TAKSONY),Taksony,üzem,M13199,IPS1,157,"bevizsgálni , újraindul",2022/09/05/,0,"1,00",Lovász,Hiba nem jelentkezett,,,,,,,
T-J00364,2023/05/12,NCT(TAKSONY),Taksony,üzem,M21196,DAC-20/40-LT,43C-13-6822,"TTL jeladó bemenet rossz, nem számolja az impulzusokat(Reskó G.)",,,,,,,,,,,1,
T-J00365,2022/09/05,NCT (TAKSONY),Taksony,üzem,M21262,ECAT-ENDAT,013-20-0439,a rácsatlakoztatott kábel nem érzékeli,2022/09/06/,0,"1,00",Petró F.,"nem érzékelte a jeladókat, táp Ic hiba, IC9 átforr után oké",,,,,,,
T-J00366,2022/09/05,NCT (TAKSONY),Taksony,üzem,M21262,PRC-3-40-80,57C-11-3994,"ecat hiba, gép bekapcsolás kérésére megszakad az eszköz. (Bene A.)",2022/09/27/,0,"1,00",Csabai,Trafó alá szigetelés beép,,,,,,,
T-J00367,2022/09/07,NCT (TAKSONY),Taksony,üzem,M21195,"19"" vezérlő",22394-0489,windows nem működik (szegedi P.),,,,,,,,M21253-ra kérik a javított kijelző pótlását.,,,,
T-J00368,2022/09/14,NCT (TAKSONY),Taksony,üzem,M21195,DAC-40/80-LE,43D-11-6787,motor indításnál ethercat hiba(Szegedi P.),2022/09/20/,0,,laborban,Hiba nem jelentkezett,,,,,,,
T-J00369,2022/09/16,NCT (TAKSONY),Taksony,üzem,M21253,DSC-10/20-LE,42B-11-6839,szalagkábel fülecske letört,2022/09/21/,0,"1,00",Dévai,csatl.ház csere,,,,,,,
T-J00370,2022/09/26,NCT (FOGARASI),Taksony,üzem,M20180,PRC-3-40-80-R,57C-11-3852,Hibakeresés - nem kaptunk infót a hibáról (Szabó Bertold),2022.09.28,0,"1,00",Csabai,"hiba nem jel, laborteszt",,1,Vissza LOG,,,,
T-J00371,2022/09/26,NCT (FOGARASI),Taksony,üzem,M20050,DSC-10/20-LE,42B-A1-6788,"Taksonyból beküldték, nem tudjuk a hibát illetve, hogy van-e hibája...""mosógépes igbt-s""",2022/10/14/,0,"1,00",Dévai,"DCU csere, új számmal vissza (sn: 7041)",,1,?,,,,
T-J00372,2022/10/05,NCT (TAKSONY),Taksony,üzem,M20166,Ai50Z1/E,D88-10-9844,"elfelejti a pozíciót, referencia hiba",2022/10/07,0,"0,50",Rákosréti József,"jeladókábel cseréje, teszt",1 db jeladókábel,1,Vissza Logisztika,,,,
T-J00373,2022/12/06,NCT(TAKSONY),Taksony,üzem,,DSC-10/20-LE,42B-11-6849,visszaszállítás során letört a sz.kábel csatlakozója,,0,"1,00",Dévai,csatl ház csere,,1,vissza késztermék raktárba,,,,
T-J00374,2022/10/20,NCT (TAKSONY),Taksony,üzem,M21116,O8RC,034-10-1896,letörték a fülecskét,,0,"0,50",Petró F.,LVDS csatlakozó csere,1db LVDS csatlakozó,1,"kapott cserét, mehet vissza a polcra",,,,
T-J00375,2022/10/25,NCT(TAKSONY),Taksony,üzem,M21047,IPS2,607-10-1184,"Kap betápot, de nem kapcsol be.Előtte heteket, hónapokat ment. Szegedi Peti",2022/11/14/,0,"1,00",Lovász,2db 100uF 400V kondi csere,,1,javítás után vissza késztermék raktárra,,,,
T-J00376,2022/10/25,NCT(TAKSONY),Taksony,üzem,M14224,DIPS,772-10-2806,nem kapcsol be,,1,,,,,2,javítás után vissza használt termék raktárba,,,,
T-J00377,2022/11/14,NCT(TAKSONY),Taksony,üzem,M20011,EPU-SYS,100-30-1221,NV RAM hiba (Bene Alex),,1,,,,,1,,,,,
T-J00378,2022/11/16,NCT(TAKSONY),Taksony,SBS,M22052,PRC-3-40-80,57C-11-4003,nem indul el (Molnár Sz.),,0,"1,00",Csabai,hiba nem jelentkezett betéve laborba,,1,,,,,
T-J00379,2022/11/17,NCT(TAKSONY),Taksony,üzem,M22056,Ai8Z1,D84-11-9872,nagy az áramfelvétele (MolnárSz),2022/11/18/,0,"0,50",Rákosréti József,"két fázis fel volt cserélve, U-V csere, teszt",,1,,,,,
T-J00380,2022/11/18,NCT(TAKSONY),Taksony,üzem,M22074,DPU1904,22394-0501,feszül a vezérlő(bővebb infó Molnár Sz.),,1,,,,,1,,,,,
T-J00381,2022/11/18,NCT(TAKSONY),Taksony,üzem,M22154,VM100L,2106077H1,leégett motor ,,,,,,,,,,,,
T-J00382,2022/11/23,NCT(TAKSONY),Taksony,üzem,M21262,AiS100,CC2-10-5101,hátsó csapágy rossz (Molnár Sz.),,1,,Rákosréti József,laborban tesztelve végig határáérték alatt maradt a rezgés,,1,,,,,
T-J00383,2022/11.23,NCT(TAKSONY),Taksony,üzem,M13244,MK1904,219-30-0464,Kiss Józsinak küldte be Reskó Gabi vizsgálatra. ,,1,,,,,3,Kiss Józsinak átadva,,,,
T-J00384,2022/12/08,NCT(TAKSONY),Taksony,üzem,M22154,DSC-10/20-LE,42B-11-5415,"inicializálási hiba, INIT állapotban ragadt, RUN led nem világít.(Reskó G.)",,0,"1,00",Dévai,"többször jött viszza, itt nem jel, bontásra",,1,,,,,
T-J00385,2023/01/31,NCT(TAKSONY),Taksony,üzem,M21174,DSC-10/20-LE,42B-11-7056,kondenzátor szikrázik(Szabados Gy.),,0,"2,00",Dévai,"leégett, lebontva",,1,,,,,
T-J00386,2022/11/28,NCT(TAKSONY),Taksony,üzem,M22056,IPS2,607-10-1211,2. csatorna zárlatra megy,2022/12/08/,0,"1,00",Lovász,hiba nem jel.,,1,,,,,
T-J00387,2023/01/31,NCT(TAKSONY),Taksony,üzem,M21174,DSC-10/20-LE,42B-11-7055,IGBT hiba(Szabados Gy.),2022/02/08,0,"1,00",Dévai,hiba nem jel. teszt ok,,1,,,,,
T-J00388,2022/12/05,NCT(TAKSONY),Taksony,üzem,M22056,O8RC,034-10-2296,"érintkezés hiba, vagy illesztési probléma",,1,,,,,1,,,,,
T-J00389,2023/03/31,NCT(TAKSONY),Taksony,üzem,M18040,DSC-10/20-LE,42B-11-4581,hőszenzor hibás,,,,,,,,,,,,
T-J00390,2022/11/28,NCT(TAKSONY),Taksony,üzem,M22154,DSC-20/40-LE,42C-11-6988,Állandó hajtás üzemkészség hiba(Klötz Arnold),,0,"1,00",Dévai,szalagkábel csere,,1,,,,,
T-J00391,2022/12/08,NCT(TAKSONY),Taksony,üzem,M20185,MK1904,219-30-0349,X gomb nem működik(Szegedi P.),,0,"1,00",Schmiedmeiszter László,eltőrt dióda csere,1N4148  dióda,1,,,,,
T-J00392,2023/01/11,NCT(TAKSONY),Taksony,üzem,M13244,PDC-3-40-24-R,579-11-3875,"IGBT hiba,kijelzőn ""P"" (Reskó G)",,,,,,,1,,,,,
T-J00393,2023/01/11,NCT(TAKSONY),Taksony,üzem,M21086,DAC-40/80-LE,43D-11-7071,Ethercat hiba(Fábián P.),2023/03/28/,0,"1,00",Csabai József,Ellenőrzés,,1,,,,,
T-J00394,2023/01/17,NCT(TAKSONY),Taksony,üzem,M22032,Ai15,D05-11-10299,szorul a tengely,2023/02/08/,0,"0,50",Rákosréti,szétszerelve vissza Fémónak,,1,,,,,
T-J00395,2023/01/19,NCT(TAKSONY),Taksony,üzem,M22006,PDC-3-40-24-R,579-11-4026,led nem világít,2023/02/01/,0,"1,00",,Atvizsgálás,,1,,,,,
T-J00396,2023/01/20,NCT(TAKSONY),Taksony,üzem,M14203,HWM kézikerék,16-1-847,akadozik a kézikerék,2023/02/01/,,,,,,1,,,,,
T-J00397,2023/01/23,NCT(TAKSONY),Taksony,üzem,M21175,MK1904,219-30-0532,akadozik a pótméter,,,,,,,1,,,,,
T-J00398,2023/01/25,NCT(TAKSONY),Taksony,üzem,M22003,HWM kézikerék,16-1-880,akad/kattog (Molnár Sz.),,,,,,,1,,,,,
T-J00399,2023/01/27,NCT(TAKSONY),Taksony,üzem,M22087,DAC-10/20-LT,43B-13-4623,szegecsanya hiányzik (Molnár Sz.),2022/02/08,0,"1,00",Dévai,Ház csere,,1,,,,,
T-J00400,2023/01/30,NCT(TAKSONY),Taksony,üzem,M21174,PDC-3-40-24-R,579-11-4036,lágy indítási hiba (Szabados Gy.),2023/02/06/,0,"2,00",Lovász László,"graetz csere, átvizsgálás",,1,,,,,
T-J00401,2023/01/31,NCT(TAKSONY),Taksony,üzem,M21174,PDC-3-40-24-R,579-11-3875,kondenzátor elfüstölt(Szabados Gy.),2023/02/06/,0,"2,00",Lovász László,"graetz csere, átvizsgálás","2,00",1,gratz  csece Atvizsgálás,,,,
T-J00402,2022/12/05,NCT(TAKSONY),Taksony,üzem,M22154,DSC-20/40-LE,42C-11-6655,"D-sub része kontakt hibás, kis mozdításra jeladóhiba(Szabados Gy.)",,0,"1,00",Dévai,15 pó. D-sub csere,,1,,,,,
T-J00403,2023/04/24,NCT(TAKSONY),Taksony,üzem,M13244,DSC-20/40-LE,42C-11-6316,megégett a zöld phoenix csati(Reskó G.),2023.06.12,0,2,Dévai,"sz.kábel csere, DCU csere Dsub miatt, teszt",,,,,,,
T-J00404,2023/02/03,NCT(TAKSONY),Taksony,üzem,M22031,MK1904,219-30-0531,kulcsos kapcsoló nyák oldali felén (fehér csatinál)hiba(Klötz A.),2022/02/03,0,"1,00",Schmiedmeiszter László,eltőrt dióda csere,1N4148  dióda,1,,,,,
T-J00405,2023/02/13,NCT(TAKSONY),Taksony,üzem,M22144,DPU1504,22354-0254,ethercat kommunikációs hiba (Szabados Gy.),2022/02/13,0,"0,50",Schmiedmeiszter László,nem ez okozta az ETHERCAT hibát,,1,,,,,
T-J00406,2023/02/13,NCT(TAKSONY),Taksony,üzem,M22108,EBI 1135,2EF-EE-0028,Inicializálás hiba (Forrasztás és a csati jó:Szabados Gy.),,,,,,,1,,,,,
T-J00407,2023/02/16,NCT(TAKSONY),Taksony,üzem,M22006,EPU-SYS,100-30-1042,Ethercat kommunkációs hiba(Klötz A.),,,,,,,1,,,,,
T-J00408,2023/02/20,NCT(TAKSONY),Taksony,üzem,M21176,MK1904,219-30-0541,nem lehet kalibrálni a pótmétert(Klötz A.),2022/02/20,0,"0,50",Schmiedmeiszter László,kalibrálás,,1,,,,,
T-J00409,2023/02/21,NCT(TAKSONY),Taksony,üzem,M21176,PDC-3-40-24-R,579-11-4026,nincs visszajelzés(Klötz A.),2023/03/02/,0,"1,00",Lovász László,"hiba nem jelentkezett, átvizsgálás",,1,,,,,
T-J00410,2023/02/22,NCT(TAKSONY),Taksony,üzem,M22034,IPS2,607-10-1184,nem indul el,2023/03/01,0,"2,00",Lovász László,IRF740 2db csere,,1,,,,,
T-J00411,2023/02/22,NCT(TAKSONY),Taksony,üzem,M22144,MK1504,215-30-0195,ethercat csatlakozó letört a nyákról,2022/02/28,0,"1,00",Schmiedmeiszter László,kitört RJ Ethercat csati csere,RJ NR1719 csatlakozó,1,,,,,
T-J00412,2023/02/22,NCT(TAKSONY),Taksony,üzem,M22122,MK1904,219-30-0538,"override hiba, reset hiba",2022/02/28,0,"0,50",Schmiedmeiszter László,leszakadt kábel javítása ,,1,,,,,
T-J00413,2023/03/03,NCT(TAKSONY),Taksony,üzem,M22109,DAC-40/80-RE,43D-12-7140,nem kapcsol be(Klötz A.),,1,,,,,1,javítás után vissza M22134-re,,,,
T-J00414,2023/03/06,NCT,Fogarasi,,,PDC-3-40-24-R,579-11-4026,további vizsgálatra feladva,,1,,,,,1,,,,,
T-J00415,2023/03/20,NCT(TAKSONY),Taksony,üzem,M22037,PRC-3-40-80-R,57C-11-4063,"ventilátor csavarok nem voltak meghúzva, kiestek belőle.1 alátét még valahol benne van.",,0,"1,00",Csabai József,csavarok pótolva,,1,vissza Taksony,,,,
T-J00416,2023/03/22,NCT(TAKSONY),Taksony,üzem,M22109,WEHO LRS-350-48,,A kondik elfüstöltek benne ,,,,,,,3,,,,,
T-J00417,2023/03/22,NCT(TAKSONY),Taksony,üzem,M22109,WEHO LRS-350-48,,A kondik elfüstöltek benne ,,,,,,,3,,,,,
T-J00418,2023/03/28,NCT(TAKSONY),Taksony,üzem,M22164,EPU-SYS,100-30-1421,letörték az egyik szalagkábel fülecskét,,0,"1,00",Schmiedmeiszter László,csati csere,1db 26p. szalagkábel csati,1,Vissza M22164,,,,
T-J00419,2023/05/05,NCT(TAKSONY),Taksony,üzem,M21199,DSC-20/40-LE,42C-11-6540,"szabályozást nem lehet beállítani, nagy áramfelvétel",,,,,,,,,,,,
T-J00420,2023/04/11,NCT (TAKSONY),Taksony,üzem,M22038,DPU1904,23394-0562,USB port nem működik (Szabados Gy.),,0,"0,5",Schmiedmeiszter László,kábel visszadugás,,,,,,,
T-J00421,2023/04/13,NCT(TAKSONY),Taksony,üzem,M22164,PRC-3-40-80-R,57C-11-4060,Nincs üzemkészség visszajelzés(Klötz A.),,0,1,Csabai,,,1,,,,,
T-J00422,2023/04/18,NCT(TAKSONY),Taksony,üzem,M22065,IPS1,606-10-0166,Visszajelző led nem világít(Klötz A.),2023/04/26,0,1,Lovász László,LED csere,,,,,,,
T-J00423,2023/04/20,NCT(TAKSONY),Taksony,üzem,M22125,EPU-SYS,100-30-1402,"Komment a dobozban, amiben visszamegy (Szegedi P.)",,0,"0,5",Schmiedmeiszter László,"nem tapasztaltam a hibát, de több napos teszt alatt",,,,,,,
T-J00424,2023/04/20,NCT(TAKSONY),Taksony,üzem,M22155,IHDW,M22155,Tengely választó kapcsoló el van csúszva (Szabados Gy.),2023/04/21,0,"0,5",Petró F,Kapcsolók újra pozicionálása,,,,,,,
T-J00425,2023/04/24,NCT(TAKSONY),Taksony,üzem,M22006,LC57H2430 léptető motor,M22006,A jeladóból kiolvasott pozíció fizikailag nem mindig ugyanott van(Klötz A.),2023/04/26,0,5,Petró F,"Több órás tesztelés, forgatás alatt a hiba nem jelentkezett, biztonságképp jeladót cserélek",1db Absenc jeladó,,,,,,
T-J00426,2022/10/19,NCT (TAKSONY),Taksony,üzem,M22010,DSC-20/40-RE,42C-12-6710,túlfeszültség hiba(Szabados Gy.) még be van szerelve,,0,"1,00",Dévai,szalagkábel csere,,,,,,,
T-J00427,2023/04/26,NCT(TAKSONY),Taksony,üzem ,M22065,MK1904,219-30-0525,több gomb beragad (Klötz A.),,0,1,Schmiedmeiszter László,"nem tapasztaltam hogy valami is beragna, új klav software égetés",,,,,,,
T-J00428,,,Románia,,,PCD-3-40-24-R,579-11-4007,nem kapcsol be,2023/04/27,0,4,Lovász László,"Panelcsere, ellenőrzés, javítás",,,,,,,
T-J00429,2023/05/03,NCT(TAKSONY),Taksony,üzem,M14224,DIPS-3-40-20-R,772-10-2306,lágy indítási hiba (Szabados Gy.-Szegedi P.),,,,,,,,,,,,
T-J00430,2023/05/03,NCT(TAKSONY),Taksony,üzem,M14224,DIPS-3-40-20-R,772-10-2306,lágy indítási hiba (Szabados Gy.-Szegedi P.),,1,,,,,2,,,,,
T-J00431,2023/05/03,NCT(TAKSONY),Taksony,üzem,egyensúlyozó,DPS-40-24-R,nincs,eldurrant valami benne(Tomana Gergő),,,,,,,,,,,,
T-J00432,2023/05/04,NCT (TAKSONY),Taksony,üzem,M22122,DAC-60/120-RE,43E-12-7144,orsó indításra pukk (Szabados Gy.),2023/05/09,0,2,Csabai József,leselejtezve,,,,,,,
T-J00433,2023/05/04,NCT(TAKSONY),Taksony,üzem,M22122,PRC-3-40-80-R,57C-11-4057,lágyindítási hiba(Szabados Gy.),2023/05/09,0,3,Csabai József,alappanel és IGBT csere,,,,,,,
T-J00434,2022/11/24,NCT(TAKSONY),Taksony,üzem,M21220,DSC-20/40-RE,42C-12-6710,Túlfeszültség hiba (M22025-ben is tesztelték),2022/11/29/,0,"1,00",Dévai,DCU csere,,1,,,,,
T-J00435,2023/05/12,NCT(TAKSONY),Taksony,üzem,M19102,MK1904,219-30-0479,led nem mindenhol világít,2023/05/15,0,,Schmiedmeiszter László,rövidre zárta a tranzisztort egy forgács darab(?),"ellenállás, tranzisztor",1,vissza munkaszámra,,,,
T-J00436,2022/09/05,NCT (TAKSONY),Taksony,üzem,M20166,DSC-40/80-RE,42D-12-6293,IGBT hiba,2022/10/03/,0,"2,00",Csabai,"IGBT csere, meghajtó csere",,,,,,,
T-J00437,2023/05/25,NCT(TAKSONY),Taksony,üzem,M22125,DPB-3-40-160,574-10-3805,motor lassításnál túlfeszültség hiba.A másikkal ugyanilyen beállítással nincs baj(Szegedi P.),,0,3,Csabai,hibát nem találtam átadva labornak,,1,,,,,
T-J00438,2023/05/31,NCT(TAKSONY),Taksony,üzem,M22123,DSC-10/20-LE,42B-11-6937,Főkapcsoló első indításkor túláram hiba (Bene A.),2023.06.12,0,1,Dévai,"419-es szoftverrel jött a hiba, 422-el nem. Labor",,,,,,,
T-J00439,2023/05/31,NCT(TAKSONY),Taksony,üzem,M22035,DSC-20/40-LE,42C-11-7065,"Nem tud pozícionálni, szervo hiba(Szabados Gy.)",2023.06.12,0,1,Dévai,"hiba nem jel, 331-es szoftver cseréje 422-re",,,,,,,
T-J00440,2023/06/12,NCT(TAKSONY),Taksony,üzem,M22134,DSC-20/40-RE,42C-12-5285,Alapjel és eng. után nem forgatja a motort(Fábián I.),,,,,,,,,,,1,
T-J00441,2023/06/12,NCT(TAKSONY),Taksony,üzem,M14299,DSC-20/40-RE,42C-12-4933,Sinfesz. nélkül túlfeszültség hiba(Fábián I.),,,,,,,,,,,1,
T-J00442,2023/06/14,NCT(TAKSONY),Taksony,S&S,,DAC-40/80-LT,43D-13-7072,Molnár Szabolcs vizsgálatra küldi Fekete Lacinak,,1,,,,,3,Fekete Laccinak átadva 06.15-én vizsgálatra,,,,
T-J00443,2023/06/15,NCT(TAKSONY),Taksony,üzem,M22186,EPU-SYS,100-30-1416,relé hiba,,,,,,,,,,,,
T-J00444,2023/06/19,NCT(TAKSONY),Taksony,üzem,M22077,HWMX,HWMX-0009,piros led (Molnár Sz)Smicivel megbeszélte,,,,,,,,,,,,
T-J00445,2023/06/20,NCT (TAKSONY),Taksony,üzem,M21136,EBI 1135,40-70053274-00,jeladó hiba(kábel és a csati jó) Klötz A.,,,,,,,,,,,,
T-J00446,2023/06/22,NCT(TAKSONY),Taksony,üzem,M21135,DSC-10/20-LE,42B-11-6183,ethercat-et nem lehet inícializálni (Szabados Gy.),2023.07.07,,,Dévai,LVDS kártya scere (BGAhiba),,,,,,,
T-J00447,2023/06/28,NCT(TAKSONY),Taksony,üzem,M21137,Ai5-54-40-EH/E,D03-11-10214,jeladó hiba,2023.07.03,,"0,5",Rákosréti József,"jeladókábel csere (fehér betét, érintkezők összetörve)",1db jeladókábel,1,,,,,
T-J00448,2023/06/28,NCT(TAKSONY),Taksony,üzem,M22077,EPU-SYS,100-30-1359,ecat hiba(Molnár Sz.),,,,,,,,,,,,
T-J00449,2023/06/29,NCT(TAKSONY),Taksony,üzem,M19102,PRC-3-40-80-R,57C-11-3944,rossz(Molnár Sz.),,,,,,,,,,,,
T-J00450,2023/07/06,NCT(TAKSONY),Taksony,üzem,M19104,EPU-SYS,100-30-0659,gyors újraindításra nem áll fel az ECAT,,,,,,,,,,,,
T-J00451,2023/07/06,NCT(TAKSONY),Taksony,üzem,M22107,EBI 1135,2EF-EE-0025,jeladóhiba,2023.07.11.,0,"2,00",Petró F.,"Heidenhain csatlakozóban piros vezeték a forrasztás nyakán eltört(a rideg merev saját gyártású kábel), az összes vezeték újra csupaszolva + érvéghüvely kombóval újraforrasztva",,,,,,,
T-J00452,2023/07/06,NCT(TAKSONY),Taksony,üzem,M22198,DSC-20/40-LE,42C-11-7065,"bekapcsolásnál túlterhelés, hangosan csattan(Szabados Gy.)",2023.07.07,,,Dévai,panelnél laza átvezető csavar,,,,,,,
T-J00453,2023/07/07,NCT(TAKSONY),Taksony,üzem,E23074,MK1904,219-30-0587,"több gomb beragad ,pl:Y+,Y-, mozgat üzemmód(Gyéresi Cs.)",,,,,,,,,,,,
T-J00454,2023/07/11,NCT(TAKSONY),Taksony,üzem,M22145,PRC-3-40-80-R,57C-11-4060,"laza az erősáramú csatlakozó, recseg a fojtó(Reskó G.)",,,,,,,,,,,,
T-J00455,2023/07/11,NCT(TAKSONY),Taksony,üzem,M13350,PRC-3-40-80-R,57C-11-3625,járatásra főtáp hiba(Szász D.),,,,,,,,,,,,
T-J00456,2023/08/15,NCT(TAKSONY),Taksony,üzem,M21192,DSC-20/40-RE,42C-12-7302,"Fekete Lacinak küldi Szabolcs (lüktetve megy a tengely, Fekete Laci és K.Gergő vizsgálta)",,,,,,,,,,,1,
T-J00457,2023/08/01,NCT(TAKSONY),Taksony,üzem,M19104,I32S,00E-10-1205,Nem kommunikál. Bevizsgálni,2023.08.14.,0,"3,00",Petró F.,"túlfeszültség kapott, IC12 TPS7233 teteje kinyílt, IC10 ET1100 zárlatos, tesztelés és ellenőrzés, rázatás oké","1db ET1100, 1db TPS7233",,,,,,
T-J00458,2023/08/01,NCT(TAKSONY),Taksony,üzem,M19104,O8RC,034-10-2021,Nem kommunikál. Bevizsgálni,2023.08.15.,0,"3,00",Petró F.,"túlfeszültség kapott, IC9 ET1200 teteje kinyílt, IC10 24LC32 is megkapta azt a feszt, egy relé átmeneti ell., tesztelés és ellenőrzés, rázatás oké","1db ET1200, 1db 24LC32, 1db Omron G6D-1A",,,,,,
T-J00459,2023/08/01,NCT(TAKSONY),Taksony,üzem,M21023,O8RC,034-10-1858,Nem kommunikál. Bevizsgálni,2023.08.15.,0,"3,00",Petró F.,"túlfeszültség kapott, IC9 ET1200 teteje kinyílt, IC10 24LC32 is megkapta azt a feszt, tesztelés és ellenőrzés, rázatás oké","1db ET1200, 1db 24LC32",,,,,,
T-J00460,2023/08/01,NCT(TAKSONY),Taksony,üzem,,O16,006-10-0132,Nem kommunikál. Bevizsgálni,2023.08.14.,0,"3,00",Petró F.,"túlfeszültség kapott, IC12 ET1200 teteje kinyílt, IC2-3 SN74LS273DW hibás melegszik, IC1 24LC32 is megkapta azt a feszt, tesztelés és ellenőrzés, rázatás oké","1db ET1200, 1db 24LC32, 2db SN74LS273DW",,,,,,
T-J00461,2023/08/01,NCT(TAKSONY),Taksony,üzem,,SENS,008-10-0210,Nem kommunikál. Bevizsgálni,2025.10.10.,0,"6,00",Petró F.,"túlfeszültség kapott, IC10 ET1200 és IC9 24LC32 teteje kinyílt, panel a vago csatlakozónál megégett, 1A áramfelvétel, összes ic és kondi meg pár ell. cserélve, tisztítás matricázás, rázatás oké",,,,,,,
T-J00462,2023/08/16,NCT(TAKSONY),Taksony,üzem,M21218,DSC-60/120-RE,42E-12-7196,rossz az X41 csati (Molnár Sz.),,,,,,,,,,,,
T-J00463,2023/08/22,NCT(TAKSONY),Taksony,üzem,M21023,DSC-20/40-LE,42C-11-6446,L55 frame és phys hiba a port 0-án(ecat comm.)Reskó G.,,,,,,,,,,,1,
T-J00464,2023/0824,NCT(TAKSONY),Taksony,üzem,M22204,DAC-60/120-LE,43E-11-7014,"1 napig működött, utána nem kapcsol be.Engedélyezve nem volt, csak a 24V tápot kapta meg(Szegedi Peti)",,0,,,,,1,,,,,
T-J00465,2023/07/05,NCT(TAKSONY),Taksony,üzem ,M22007,"ECAT ENDAT1,8",013-20-0470,jeladó hiba (Balogh J.hozta vissza),2024.03.22.,0,"2,00",Petró F.,"""A"" csatorna nem érzékelte a jeladót, egyből 3 hibakód, IC14 csere után működik egy pár percig, szkópon a jelek nagyon szépek, de aztán tekerésre/ütre vagy magátol eldobja a jeladót, 3-as hibakód, sok helyen a panelen a vezetősáv és lyukgalván barna, mert alámart a lemosófolyadék, SELEJT",SELEJT,1,SELEJT,,,,
T-J00466,2023/08/23,NCT(TAKSONY),Taksony,üzem ,M21192,DSC-60/120-RE,42E-12-7215,árammérés hiba (Molnár Sz.) Fekete Laci elvitte,,,,,,,,,,,,
T-J00467,2023/08/23,NCT(TAKSONY),Taksony,üzem ,M23049,AiS100,CC2-10-5146,remeg a hátulja(Molnár Sz.),,,,,,,,,,,,
T-J00468,2023/08/23,NCT(TAKSONY),Taksony,üzem ,M21023,DSC-10/20-RE,42B-12-6253,jeladó bemenet hibás ,,,,,,,,,,,1,
T-J00469,2023/08/25,NCT(TAKSONY),Taksony,üzem,M23067,PRC-3-40-80-R,57C-11-3535,napi 2x megáll tápegység hibával(Reskó G.),,,,,,,,,,,,
T-J00470,2023/08/18,NCT(TAKSONY),Taksony,üzem,,SENS,008-10-0206,LVDS letört,2023.08.28.,0,"0,50",Petró F.,LVDS csati csere,1db LVDS csati,,,,,,
T-J00471,2023/08/31,NCT(TAKSONY),Taksony,üzem,M22241,PRC-3-40-80-R,57C-11-4068,"1 napig ment, majd bekapcsolás után ismeretlen eszközként jelent meg az ethercat ablakban(Szegedi P.)",,0,,,,,1,,,,,
T-J00472,2023/09/19,NCT(TAKSONY),Taksony,üzem,M23205,DS-36/72-EE,426-10-2673,időnként inicializálási hiba(ReskóG.),,,,,,,,,,,,
T-J00473,2023/09/19,NCT(TAKSONY),Taksony,üzem,M19145,Ai70-Z1 motor,D8A-11-10564,Üt a tengely(Benedek P.),,,,Rákosréti József,"jeladó lebontás, vissza Csapónak",,,,,,,
T-J00474,2023/09/28,NCT(TAKSONY),Taksony,üzem,M19145,Ai70-Z1 motor,D8A-11-10562,erősen arretál(Benedek P.),,,,,,,,,,,,
T-J00475,2023/09/28,NCT(TAKSONY),Taksony,üzem,M22153,PRC-3-40-80-R,57C-11-4089,ethercat nem jó(Domokos A.),,,,,,,,,,,,
T-J00476,2023/10/12,NCT(TAKSONY),Taksony,üzem,M23064,PDC-3-40-24-R,579-11-4095,fordítva dugták be a szerelők a betáp és fékellenállás csatlakozót(Szegedi P.),,,,,,,,,,,,
T-J00477,2023/10/27,NCT(TAKSONY),Taksony,üzem,M23087,SMI2,037-30-156,Az ethercat összeomlik tőle(Grimm J.),2023.11.23.,0,"1,00",Petró F.,"nem tapasztalt hiba, teszt oké, rázatón is oké, 25MHz oké, ET1200 újra forrasztása",,,,,,,
T-J00478,2023/10/27,NCT(TAKSONY),Taksony,üzem,M22244,EPU-SYS,100-30-0960,narancssárga Wago csati utolsó eleméből letört egy db,2023.11.21.,0,"0,50",Petró F.,wago műanyag rész bontásból cserélve,,,,,,,
T-J00479,2023/11/07,NCT(TAKSONY),Taksony,üzem,M22153,I32S,00E-10-1384,31-es pontja nem működik (Szegedi P.),2023.11.22.,0,"2,00",Petró F.,"tap hiba, ET1100 hiba, nem forrasztás probléma",1db ET1100 IC,,,,,,
T-J00480,2023/11/07,NCT(TAKSONY),Taksony,üzem,M22153,EPU-SYS,100-30-1376,több alkalommal hibát okozott(Szegedi P.),2023.11.29.,0,"2,00",Petró F.,"tap hiba, teszt oké volt, csavarás ütésre is oké volt, rázás 2nap végén mozgatásra a mögötte lévő sens kártyán frame hiba 150, ET1100 hiba, csere után rázás ütés oké",1db ET1100 IC,,,,,,
T-J00481,2023/11/10,NCT(TAKSONY),Taksony,üzem,M22244,klav.kártya,3-3-1828,ECAT PHYS hiba gyüjtés Kiss Józsinak küldve (Molnár Sz.),2023.12.15.,0,"2,00",Petró F.,"több napos treszt a rázatón, hiba nem tapasztalható",,3,,,,,
T-J00482,2023/11/15,NCT(TAKSONY),Taksony,ügyfélnél,M13350,DSC-40/80-RE,42D-12-5211,Y servo hiba(Szászi D.),,1,,,,,1,,,,,
T-J00483,2023/11/16,NCT(TAKSONY),Taksony,üzem,M10114,IPS1,606-10-1259,nem kapcsol be,,1,,,,,1,,,,,
T-J00484,2023/11/17,NCT(TAKSONY),Taksony,üzem,M22012,DSC-10/20-LE,42B-11-7075,"folyamatosan jeladó hibát jelez, előtte napokig jó volt(Reskó G.)",,,,,,,,,,,,
T-J00485,2023/11/17,NCT(TAKSONY),Taksony,üzem,M22015,klav.kártya,3-3-1854,letörték az egyik RJ csatit ,2024.02.14.,0,"1,50",Petró F.,"RJ csatlakozó csere, szoftver frissítés, teszt és rázás oké",,,,,,,
T-J00486,2023/11/17,NCT(TAKSONY),Taksony,üzem,M21177,MRE,15-3-1854,"kattok, szorul. Törött?",2023.11.22.,0,"0,50",Petró F.,"a lamellák elgörbültek ez által súrlódott, valszeg leesett, javítva",,,,,,,
T-J00487,2023/11/17,NCT(TAKSONY),Taksony,üzem,,EPU-SYS,100-30-225,Ellenőrzés,2023.11.27.,0,"1,00",Petró F.,"teszt oké, rázás egész hétvége oké",,,,,,,
T-J00488,2023/11/28,NCT(TAKSONY),Taksony,üzem,M22148,PRC-3-40-80-R,57C-11-4016,RJ aljzat hiba,,,,,,,,,,,,
T-J00489,2023/11/29,NCT(TAKSONY),Taksony,üzem,M21088,DAC-20/40-LT,43C-13-6524,IGBT engedélyezés után leveri a fi relét(Szegedi P.),,,,,,,,,,,,
T-J00490,2023/11/29,NCT(TAKSONY),Taksony,,M22148,PRC-3-40-80-R,57C-11-4016,Nincs táp,2023.11.30,0,2,Csabai,Táp IC csere,,,,,,,
T-J00491,2023/12/13,NCT(TAKSONY),Taksony,üzem,M23148,IHDW,,"használt gép , IHDW kábele törött",,,,,,,,,,,,
T-J00492,2023/12/21,NCT(TAKSONY),Taksony,üzem,M22134,DSC-10/20-RE,42B-12-6895,RJ aljzat bizonytalan,,,,,,,,,,,,
T-J00493,2024/02/01,NCT(TAKSONY),Taksony,üzem,M23002,DAC-40/80-LE,43D-11-7202,"nem kapcsol be (se kép, se hang) Becsei Péter",,,,,,,,,,,,
T-J00494,2024/02/02,NCT(TAKSONY),Taksony,üzem,M22006,Ai15,D05-10-10556,nagyon zörög (Molnár Sz.) ,,,,,,,,,,,,
T-J00495,2024/02/05,NCT(TAKSONY),Taksony,üzem,M21132,EPU-SYS,100-30-203,nem működik(Reskó G.),,,,,,,,,,,,
T-J00496,2024/02/05,NCT(TAKSONY),Taksony,üzem,M23095,DSC-20/40-RE,42C-12-7132,elfüstölt ,,,,,,,,,,,,
T-J00497,2024/02/05,NCT(TAKSONY),Taksony,üzem,M23095,DSC-20/40-RE ,42C-12-7321,elfüstölt ,,,,,,,,,,,,
T-J00498,2024/02/07,NCT (TAKSONY),Taksony,üzem,M23095,DSC-20/40-RE,42C-12-7320,"ez is elfüstölt,eddig a Z hajtást nem vizsgálták, ma azt is szétszedték",,,,,,,,,,,,
T-J00499,2024/02/05,NCT (TAKSONY),Taksony,üzem,M23002,DAC-40/80LE,43D-11-7202,se kép se hang ,2024.02.09,0,2,Csabai,Táp IC csere,,,,,,,
T-J00500,2024/02/13,NCT(TAKSONY),Taksony,üzem,M23031,DAC-60/120-LT,43E-13-7344,X44 csati benyomódik,,,,,,,,,,,,
T-J00501,2024/02/15,NCT(TAKSONY),Taksony,üzem,M22208,O8RC kártya,034-10-2392,A 7-es relé érinkező nem működik(valószínűleg beégett)Reskó G.,2024.02.29.,0,"1,00",Petró F.,"a relé működött, de a wago csatiig nem jutott el, a relé és wagocsati közötti vezetőréteg elégett, vezetősáv pótlása után jól működött az értékek is jók, de azért relé csere.",1db Omron G6D-1A-ASI,,,,,,
T-J00502,2024/02/23,NCT(TAKSONY),Taksony,üzem,M23002,DAC-40/80-LE,43D-11-7071,vmi búg benne,,,,,,,,,,,,
T-J00503,2024/02/23,NCT(TAKSONY),Taksony,üzem,M13205,EPU-SYS,100-30-1288,ethercat hibára gyanakodnak(Szegedi Peti),,,,,,,,,,,,
T-J00504,2024/02/27,NCT(TAKSONY),Taksony,üzem,M22222,ENDAT kártya,013-60-2346-0042,inicializálási hiba(Gyéresi Cs.),2024.02.29.,0,"1,00",Petró F.,"TwinCat nehezen ismerte fel (Endatnak), PREOP mód hibát dobott, run LED nem világított, jeladókat nem látta, 3-as hibakód, csavarásra nyomásra sem változott, EEPROM újraírása után tökéletesen működik, teszt rázás oké",,,,,,,
T-J00505,2024/02/28,NCT(TAKSONY),Taksony,üzem,,DAC 40-80,43 D-11-7071,búg,"2024.02,28",0,2,Csabai,kondenzátor csere,,,,,,,
T-J00506,2024/03/14,NCT(TAKSONY),Taksony,üzem,M23090,DSC-10/20-LE,42B-11-7435,DC szinkron hiba (Szegedi P.),,,,,,,,,,,,
T-J00507,2024/03/14,NCT(TAKSONY),Taksony,üzem,M23036,DAC-40/80LE,43D-11-7134,"ki-be kapcsolgat, hiba ismeretlen (Szegedi P.)",2024. 03. 09,0,2,Csabai ,táp zárlat. panel csere,,,,,,,
T-J00508,2024/04/10,NCT(TAKSONY),Taksony,üzem,M23121,EPU-R,004-20-0103,betáp zárlatos,,,,,,,,,,,,
T-J00509,2024/04/15,NCT(TAKSONY),Taksony,üzem,M21132,IPS2,607-10-1277,elengedett a doboz a felfogató fül felöli oldalon (Reskó G.),,,,,,,,,,,,
T-J00510,2024/04/18,NCT(TAKSONY),Taksony,üzem,M23121,EPU-SYS,100-30-2335-1546,NV-RAM hiba(Reskó G) Elek Ati várja,,,,,,,,,,,,
T-J00511,2024/05/07,NCT(TAKSONY),Taksony,üzem,M23046,ECAT-O4RMC,31-1-0238,Nem látja a FE1 (Domokos A.),,,,,,,,,,,,
T-J00512,2024/05/07,NCT(TAKSONY),Taksony,üzem,M19145,IPS2,507-10-1387,IPS doboz javítás,,,,,,,,,,,,
T-J00513,2024/05/31,NCT(TAKSONY),Taksony,üzem,M23023,MK1904 (klaviatúra),219-30-0580,pótmétert kalibrálni kell(Reskó G.),,,,,,,,,,,,
T-J00514,2024/06/05,NCT(TAKSONY),Taksony,üzem,M23092,"19"" vezérlő ",23395-0620,"érintőkijelző nem működik , várjuk javítás után vissza(Reskó G.)",,,,,,,,,,,,
T-J00515,2024/06/12,NCT(TAKSONY),Taksony,üzem,,MK1504 (klaviatúra),215-30-0166,100% gomb nem világít,2024.06.12.,0,"0,50",Petró,"L134-es LED-ek csak nagyon halványan világítanak, műszer ell.állásban bármelyik irányban szakadás mérhető, dióda állásban ugyanez a helyzet, kiforrasztott LED-eknél szintén szakadás mérhető, LED teszterrel nézve a kiforrasztott LED-eket: 1db halvány, 2db nagyon halvány, 1db megszakadt és nem világít már, 4db LED kicserélése után hibátlanul működik",4db fehér LED,,,,,,
T-J00516,2024/06/28,NCT(TAKSONY),Taksony,üzem,M17226,DSC-40/80-RE,42D-12-5732,Kopányi Geri tudja a hibajelenséget,,1,,,,,3,Fejlesztésre kerül vizsgálatra (Kopányi Gergely),,,,
T-J00517,2024/06/28,NCT(TAKSONY),Taksony,üzem,M17226,DAC-60/120-LT,43E-14-7350,Kopányi Geri tudja a hibajelenséget,,1,,,,,3,Fejlesztésre kerül vizsgálatra (Kopányi Gergely),,,,
T-J00518,2024/07/25,NCT(TAKSONY),Taksony,üzem,M23033,Ai15 ,D05-10-10636,Kattog (Reskó G/.Molnár Sz.),,,,,,,,,,,,
T-J00519,2024/08/02,NCT(TAKSONY),Taksony,üzem,M19102,DAC-40/80-RT,43E-14-6392,4000rpm fölött nem gyorsul megfelelően(Gyéresi Cs.),,,,,,,,,,,,
T-J00520,2024/08/29,NCT(TAKSONY),Taksony,üzem,M23113,ETPC,00C-20-2247-0503,nem érzékeli a tapintást,,,,,,,,,,,,
T-J00521,2024/08/29,NCT(TAKSONY),Taksony,üzem,M23092,PCD-3-40-24-R,579-11-4164,"rosszul lett bekötve, elfüstölt",,,,,,,,,,,,
T-J00522,2024/09/12,NCT(TAKSONY),Taksony,üzem,M24016,DSC-20/40-RE,42C-12-7491,"Status Led nem világít, ethercat nem látszódik/kommunkál(Reskó G.)",,,,,,,,,,,,
T-J00523,2024/09/13,NCT(TAKSONY),Taksony,üzem,M23114,TTLACT kártya,033-402326-0876,nem ismeri fel a kártyát(Zelei J.),,,,,,,,,,,,
T-J00524,2024/09/20,NCT(TAKSONY),Taksony,üzem,M23143(M19104),DSC-20/40-RE,42C-12-6266,"hibás, nem hajtja a motort. Hibajelzés nincs(Reskó G.)",,,,,,,,,,,,
T-J00525,2024/10/16,NCT(TAKSONY),Taksony,üzem,M23180,DSC-10/20-RE,42B-12-7597,"kiesett, vagy bele esett egy csavar.",,,,,,,,,,,,
T-J00526,2024/10/17,NCT (TAKSONY),Taksony,üzem,M24074,DSC-10/20-RE,42B-12-3803,elnyalta a csavar a menetet(Molnár Sz.),,,,,,,,,,,,
T-J00527,2024/10/25,NCT (TAKSONY),Taksony,üzem,M23180,TTLCAN kártya,012-30-0361,"zárlatos jeladó lett rákötve, elfüstölt (Reskó G.)",2025.01.29.,,"1,00",Petró F.,"Hibás működést nem tapasztaltam, az A csatornánál lévő L1 tekercs kicsit megégett, csere, átalakítjuk ENDAT kártyára",,,,,,,
T-J00528,2024/10/29,NCT (TAKSONY),Taksony,üzem,M23092,KB2ECAT + ADAPT kártya,"003-40-1783
423-10-0067",bekapcsoláskor nem látszott semmi az ethercat láncon,,1,,,,,3,Kiss Józsinak átadva 10.30,,,,
T-J00529,2024/11/28,NCT(TAKSONY),Taksony,üzem ,M24018,DSC-20/40-RE,42C-12-6266,IGBT hiba,,,,,,,,,,,,
T-J00530,2024/12/13,NCT(TAKSONY),Szalóky,,M23121,DSC-20/40-LE,42C-11-7386,VKC hiba (Molnár Sz.),,,,,,,,,,,,
T-J00531,2025/01/30,NCT(TAKSONY),Taksony,üzem,M24030,PRC-3-40-80,57C-11-4191,"Ready JEL elsőre billeg, majd beáll 1-be",,,,,,,,,,,,
T-J00532,2025/02/04,NCT(TAKSONY),Taksony,üzem,M23023,TTLACT kártya,033-40-2326-0886,nem ad tápot(Lovas Gabi),,,,,,,,,,,,
T-J00533,2025/02/19,NCT(TAKSONY),Taksony,üzem,M23123(M22149),IPS2,607-10-1398,24V DC OUT1 csatornán nincs 24V fesz. A ready lámpa sem világít,,,,,,,,,,,,
T-J00534,2025/02/19,NCT(TAKSONY),Taksony,üzem ,M23123,DPU1904,24395-0700,időnként villog (Reskó G.),,,,,,,,,,,,
T-J00535,2025/03/03,NCT(TAKSONY),Taksony,üzem,M24041,DAC-60/120-LE,43E-11-7165,"6000ford. eldobta magát , majd elfüstölt (Szászi D.)",,,,,,,,,,,,
T-J00536,2025/03/04,NCT(TAKSONY),Taksony,üzem,M24041,DSC-20/40-LE,42C-11-5607,"felrobbant a varisztor, elfüstöltek a kondik (Becsei P.)",,,,,,,,,,,,
T-J00537,2025/03/12,NCT(TAKSONY),Taksony,üzem,M24083,DSC-20/40-RE,42C-12-7664,furatjavításra (bal alsó) visszaküldve,,,,,,,,,,,,
T-J00538,2025/03/14,NCT(TAKSONY),Taksony,üzem,M23085,DSC-10/20-LE,42B-117651,engedélyezéskor mindig túláram hiba lesz(Reskó G.),,,,,,,,,,,,
T-J00539,2025/04/24,NCT(TAKSONY),Taksony,üzem,M23180,EPU-R,004-20-2431-0497,"Balogh Józsi hozta vissza az Arzenáltól, de nem tudja mi a baja",2025.07.11.,0,"2,00",Petró F.,"EtherCat hiba, ET1100 átforr után ugyanaz, csere és RJ45 csati tisztítás után jó, több napi rázás, stabil, tisztítás",1db ET1100,,,,,,
T-J00540,2025/04/29,NCT(TAKSONY),Taksony,üzem,M13199,DS-18/36-EE ,424-10-2024,Hibás(Kun Laci),,,,,,,,,,,,
T-J00541,2025/05/16,NCT(TAKSONY),Taksony,üzem,M23091,IPS1,606-10-1426,nem csinál 24V-ot,,,,,,,,,,,,
T-J00542,2025/05/23,NCT(TAKSONY),Taksony,üzem,M21175,AiB8-54-30-EH/E,F04-11-10276,elfelejti a pozíciót(Simon Szabi),,,,,,,,,,,,
T-J00543,2025/05/01,NCT(TAKSONY),Taksony,üzem,M24041,"Tapasztalt hiba, ET 1200 nyomásra nagy nehezen működött, (Vision 2023.10).újraforrasztás után teszt oké",006-10-1745,ECAT kommunikáció hiba,2025.06.05.,0,"0,50",Petró F.,"Tapasztalt hiba, ET 1200 nyomásra nagy nehezen működött, újraforrasztás után teszt oké",,,,,,,
T-J00544,2025/06/10,NCT(TAKSONY),Taksony,üzem,M21137,40-00010687-00,22354-0237,"Pultszerelés közben megsérült a 15""kijelző (Somogyi A)",,,,,,,,,,,,
T-J00545,2025/06/10,NCT(TAKSONY),Taksony,üzem,M24132,TDR-240-24,,Nem kap tápot,,,,,,,,,,,,
T-J00546,2025/06/13,NCT(TAKSONY),Taksony,üzem,M20034,PDC-3-40-24,579-11-3913,"24V-ot kap, nem kapcsol be",,,,,,,,,,,,
T-J00547,2025/06/13,NCT(TAKSONY),Tatabánya,,M22149,IPS2,,"rossz, nem tudjuk mi a gond",,,,,,,,,,,,
T-J00548,2025/06/19,NCT(TAKSONY),Taksony,üzem,M25005,PRC-3-40-80,57C-11-4214,Táp kikapcsolás hiba (Kovács Á.),,0,,,,,1,,,,,
T-J00549,2025/06/23,NCT(TAKSONY),Taksony,üzem,M24135,kártya O16,006-10-1923-1304,IC10 felrobbant(Domokos A),2025.09.19.,0,"3,00",Petró F.,"IC 10 csere, teszt és rázás oké",1db VN808,,,,,,
T-J00550,2025/08/26,NCT(TAKSONY),Taksony,üzem,M25012,O8RC kártya,034-10-2443-2738,"6,7 relé beégett (Szegedi Peti)",2025.09.18.,0,"1,00",Petró F.,"tapasztalt, 6,7,relé csere",2db G6D-1A-ASI,,,,,,
T-J00551,2025/08/26,NCT(TAKSONY),Taksony,üzem,M25012,O8RC kártya,034-10-2524-2814,7 relé beégett(Szegedi Peti),2025.09.18.,0,"1,00",Petró F.,"nem tap, 0,3ohm mozgatásra is többszöri ki be kapcsolásra is, 7 relé csere",1db G6D-1A-ASI,,,,,,
T-J00552,2025/09/24,NCT(TAKSONY),Taksony,üzem,M25012,O8RC kátrya,034-10-2524-2833,"5,6,7 relé közül vmelyik beégett (Benkó L.)",2025.10.20.,0,"1,00",Petró F.,"tapasztalt hiba, a 7-es meghúzott állaptban maradt, többi oké, relé csere után oké",1db G6D-1A-ASI,,,,,,
T-J00553,2025/10/01,NCT(TAKSONY),Taksony,üzem,M13244,IHDW,,lassan léptetve nem lépi le amennyit teker rajta (Diósi Nándi),,,,,,,,,,,,
T-J00554,2025/10/06,NCT(TAKSONY),Taksony,üzem,M25012,EPU,004-10-1749-0728,"egyik csatinak van valami érintkezés hibája, amint hozzáértünk az ethernet kábelhez, kiírta, hogy ethernet hiba (Kovács Á.)",2025.10.17.,0,"2,00",Petró F.,"nem tapasztalt hiba, csavarásra és ütésre se jött elő, csati érintkezők tiszták, rázatás több nap hibátlan, RJ1 (IN) érintkezői beljebb vannak, minkettő csere, utána is oké",,1,kapott cserét,,,,
T-J00555,2025/10/06,NCT(TAKSONY),Taksony,üzem,M25012,HWM,016-10-1010,csörgő hangja van (Kovács Á.),2025.10.13.,0,,Petró F.,"tapasztalt, fémreszelékek, szétszedés- tisztítás után oké",,1,,,,,
T-J00556,2025/10/16,NCT(TAKSONY),Taksony,üzem,M21132,DSC-60/120-RE,42E-12-7196,zörög(Szegedi Peti),,,,,,,,,,,,
T-J00557,2025/11/04,NCT(TAKSONY),Taksony,üzem,M21244,DAC-20/40-LE,43C-11-7865,jeladó hiba(Szászi D.),,,,,,,,,,,,
T-J00558,2025/11/14,NCT(TAKSONY),Taksony,üzem,M22133,DAC-40/80-LT,43E-13-5632,"Elejtettem, átnézésre vissza(Erika)",,,,,,,,,,,,
T-J00559,2026/01/15,NCT(TAKSONY),Taksony,üzem,M25180,DSC-20/40-LE ,42C-11-5526,nem indul,,,,,,,,,,,,
T-J00560,2026/02/11,NCT (TAKSONY),Taksony,üzem,M25014,DSC-20/40-LE,42C-11-7984,megszakadt a menet,,,,,,,,,,,,
T-J00561,2026/02/12,NCT(TAKSONY),Taksony,üzem,M25030,DAC-20/40-LE,43C-11-7965,árammérő hiba(Domokos A.),,,,,,,,,,,,
T-J00562,2026/02/26,NCT(TAKSONY),Taksony,üzem,M25028,DAC-40/80-RE,43D-12-7980,"1. bekapcsolás után engedélyeztetésre túláram hiba,2.engedélyeztetéstől kikapcsolásig jól működik.(Reskó G.)",,,,,,,,,,,,
T-J00563,2026/03/12,NCT(TAKSONY),Taksony,üzem,M25050,DAC-40/80-LE,43D-11-5632,Jeladó hiba(Benkó Levente),,,,,,,,,,,,
T-J00564,2026/03/12,NCT(TAKSONY),Taksony,üzem,M25050,DSC-10/20-LE,42B-11-7995,Jeladó hiba(Benkó Levente),,,,,,,,,,,,
T-J00565,2026/03/20,NCT(TAKSONY),Ganz,üzem,M24080,DAC-60/120-RS,43E-16-7568,Jeladó hiba+zörög benne vmi(Molnár Sz.),,,,,,,,,,,,
T-J00566,2026/04/22,NCT(TAKSONY),Taksony,üzem,M25066,O8RC ,034-10-2603-2944,"Rossz, nem ad jelet (bal oldali csati)",2026.05.15.,0,"1,00",Petró F.,"tapasztalt hiba, L10-L11 tekercsek le voltak szakítva az EtherCat ic mellett, csere után teszt oké",2db tekercs,,,,,,
T-J00567,2026/05/14,NCT(TAKSONY),Taksony,üzem,M25178,DSC-10/20-RE,42B-12-8139,menethiba (Lovas G.),,,,,,,,,,,,
T-J00568,2026/06/11,NCT(TAKSONY),Taksony,üzem,M25047,DSC-10/20-LE,42B-11-8176,X44 csati laza (Domokos A.),,,,,,,,,,,,
T-J00569,2026/06/17,NCT(TAKSONY),Taksony,üzem,M25032,DSC-10/20-RE,42B-12-8070,X44 hiba(Szegedi Dani),,,,,,,,,,,,
T-J00570,,,,,,,,,,,,,,,,,,,,
T-J00571,,,,,,,,,,,,,,,,,,,,
T-J00572,,,,,,,,,,,,,,,,,,,,
T-J00573,,,,,,,,,,,,,,,,,,,,
T-J00574,,,,,,,,,,,,,,,,,,,,
T-J00575,,,,,,,,,,,,,,,,,,,,
T-J00576,,,,,,,,,,,,,,,,,,,,
T-J00577,,,,,,,,,,,,,,,,,,,,
T-J00578,,,,,,,,,,,,,,,,,,,,
T-J00579,,,,,,,,,,,,,,,,,,,,
T-J00580,,,,,,,,,,,,,,,,,,,,
T-J00581,,,,,,,,,,,,,,,,,,,,
T-J00582,,,,,,,,,,,,,,,,,,,,
T-J00583,,,,,,,,,,,,,,,,,,,,
T-J00584,,,,,,,,,,,,,,,,,,,,
T-J00585,,,,,,,,,,,,,,,,,,,,
T-J00586,,,,,,,,,,,,,,,,,,,,
T-J00587,,,,,,,,,,,,,,,,,,,,
T-J00588,,,,,,,,,,,,,,,,,,,,
T-J00589,,,,,,,,,,,,,,,,,,,,
T-J00590,,,,,,,,,,,,,,,,,,,,
T-J00591,,,,,,,,,,,,,,,,,,,,
T-J00592,,,,,,,,,,,,,,,,,,,,
T-J00593,,,,,,,,,,,,,,,,,,,,
T-J00594,,,,,,,,,,,,,,,,,,,,
T-J00595,,,,,,,,,,,,,,,,,,,,
T-J00596,,,,,,,,,,,,,,,,,,,,
T-J00597,,,,,,,,,,,,,,,,,,,,
T-J00598,,,,,,,,,,,,,,,,,,,,
T-J00599,,,,,,,,,,,,,,,,,,,,
T-J00600,,,,,,,,,,,,,,,,,,,,
T-J00601,,,,,,,,,,,,,,,,,,,,
T-J00602,,,,,,,,,,,,,,,,,,,,
T-J00603,,,,,,,,,,,,,,,,,,,,
T-J00604,,,,,,,,,,,,,,,,,,,,
T-J00605,,,,,,,,,,,,,,,,,,,,
T-J00606,,,,,,,,,,,,,,,,,,,,
T-J00607,,,,,,,,,,,,,,,,,,,,
T-J00608,,,,,,,,,,,,,,,,,,,,
T-J00609,,,,,,,,,,,,,,,,,,,,
T-J00610,,,,,,,,,,,,,,,,,,,,
T-J00611,,,,,,,,,,,,,,,,,,,,
T-J00612,,,,,,,,,,,,,,,,,,,,
T-J00613,,,,,,,,,,,,,,,,,,,,
T-J00614,,,,,,,,,,,,,,,,,,,,
T-J00615,,,,,,,,,,,,,,,,,,,,
T-J00616,,,,,,,,,,,,,,,,,,,,
T-J00617,,,,,,,,,,,,,,,,,,,,
T-J00618,,,,,,,,,,,,,,,,,,,,
T-J00619,,,,,,,,,,,,,,,,,,,,
T-J00620,,,,,,,,,,,,,,,,,,,,
T-J00621,,,,,,,,,,,,,,,,,,,,
T-J00622,,,,,,,,,,,,,,,,,,,,
T-J00623,,,,,,,,,,,,,,,,,,,,
T-J00624,,,,,,,,,,,,,,,,,,,,
T-J00625,,,,,,,,,,,,,,,,,,,,
T-J00626,,,,,,,,,,,,,,,,,,,,
T-J00627,,,,,,,,,,,,,,,,,,,,
T-J00628,,,,,,,,,,,,,,,,,,,,
T-J00629,,,,,,,,,,,,,,,,,,,,
T-J00630,,,,,,,,,,,,,,,,,,,,
T-J00631,,,,,,,,,,,,,,,,,,,,
T-J00632,,,,,,,,,,,,,,,,,,,,
T-J00633,,,,,,,,,,,,,,,,,,,,
T-J00634,,,,,,,,,,,,,,,,,,,,
T-J00635,,,,,,,,,,,,,,,,,,,,
T-J00636,,,,,,,,,,,,,,,,,,,,
T-J00637,,,,,,,,,,,,,,,,,,,,
T-J00638,,,,,,,,,,,,,,,,,,,,
T-J00639,,,,,,,,,,,,,,,,,,,,
T-J00640,,,,,,,,,,,,,,,,,,,,
T-J00641,,,,,,,,,,,,,,,,,,,,
T-J00642,,,,,,,,,,,,,,,,,,,,
T-J00643,,,,,,,,,,,,,,,,,,,,
T-J00644,,,,,,,,,,,,,,,,,,,,
T-J00645,,,,,,,,,,,,,,,,,,,,
T-J00646,,,,,,,,,,,,,,,,,,,,
T-J00647,,,,,,,,,,,,,,,,,,,,
T-J00648,,,,,,,,,,,,,,,,,,,,
T-J00649,,,,,,,,,,,,,,,,,,,,
T-J00650,,,,,,,,,,,,,,,,,,,,
T-J00651,,,,,,,,,,,,,,,,,,,,
T-J00652,,,,,,,,,,,,,,,,,,,,
T-J00653,,,,,,,,,,,,,,,,,,,,
T-J00654,,,,,,,,,,,,,,,,,,,,
T-J00655,,,,,,,,,,,,,,,,,,,,
T-J00656,,,,,,,,,,,,,,,,,,,,
T-J00657,,,,,,,,,,,,,,,,,,,,
T-J00658,,,,,,,,,,,,,,,,,,,,
T-J00659,,,,,,,,,,,,,,,,,,,,
T-J00660,,,,,,,,,,,,,,,,,,,,
T-J00661,,,,,,,,,,,,,,,,,,,,
T-J00662,,,,,,,,,,,,,,,,,,,,
T-J00663,,,,,,,,,,,,,,,,,,,,
T-J00664,,,,,,,,,,,,,,,,,,,,
T-J00665,,,,,,,,,,,,,,,,,,,,
T-J00666,,,,,,,,,,,,,,,,,,,,
T-J00667,,,,,,,,,,,,,,,,,,,,
T-J00668,,,,,,,,,,,,,,,,,,,,
T-J00669,,,,,,,,,,,,,,,,,,,,
T-J00670,,,,,,,,,,,,,,,,,,,,
T-J00671,,,,,,,,,,,,,,,,,,,,
T-J00672,,,,,,,,,,,,,,,,,,,,
T-J00673,,,,,,,,,,,,,,,,,,,,
T-J00674,,,,,,,,,,,,,,,,,,,,
T-J00675,,,,,,,,,,,,,,,,,,,,
T-J00676,,,,,,,,,,,,,,,,,,,,
T-J00677,,,,,,,,,,,,,,,,,,,,
T-J00678,,,,,,,,,,,,,,,,,,,,
T-J00679,,,,,,,,,,,,,,,,,,,,
T-J00680,,,,,,,,,,,,,,,,,,,,
T-J00681,,,,,,,,,,,,,,,,,,,,
T-J00682,,,,,,,,,,,,,,,,,,,,
T-J00683,,,,,,,,,,,,,,,,,,,,
T-J00684,,,,,,,,,,,,,,,,,,,,
T-J00685,,,,,,,,,,,,,,,,,,,,
T-J00686,,,,,,,,,,,,,,,,,,,,
T-J00687,,,,,,,,,,,,,,,,,,,,
T-J00688,,,,,,,,,,,,,,,,,,,,
T-J00689,,,,,,,,,,,,,,,,,,,,
T-J00690,,,,,,,,,,,,,,,,,,,,
T-J00691,,,,,,,,,,,,,,,,,,,,
T-J00692,,,,,,,,,,,,,,,,,,,,
T-J00693,,,,,,,,,,,,,,,,,,,,
T-J00694,,,,,,,,,,,,,,,,,,,,
T-J00695,,,,,,,,,,,,,,,,,,,,
T-J00696,,,,,,,,,,,,,,,,,,,,
T-J00697,,,,,,,,,,,,,,,,,,,,
T-J00698,,,,,,,,,,,,,,,,,,,,
T-J00699,,,,,,,,,,,,,,,,,,,,
T-J00700,,,,,,,,,,,,,,,,,,,,